  Base.cpp
  DeviceContext.cpp
  Display.cpp
  Game.cpp
  GraphicsEngine.cpp
  Logger.cpp
  main.cpp
  GraphicsDevice.cpp
  ShaderBinary.cpp
  SwapChain.cpp
  Win32Game.cpp
  Win32Window.cpp
C:\Users\tyler\Desktop\ProjectCplusPractice\Cplus3Dpractice\Cplus3Dpractice\GraphicsLogUtils.h(8,49): error C2061: syntax error: identifier 'HRESULT'
  (compiling source file 'ShaderBinary.cpp')
  
C:\Users\tyler\Desktop\ProjectCplusPractice\Cplus3Dpractice\Cplus3Dpractice\GraphicsLogUtils.h(8,63): error C2014: preprocessor command must start as first nonwhite space
  (compiling source file 'ShaderBinary.cpp')
  
C:\Users\tyler\Desktop\ProjectCplusPractice\Cplus3Dpractice\Cplus3Dpractice\GraphicsLogUtils.h(10,1): error C2143: syntax error: missing ')' before '}'
  (compiling source file 'ShaderBinary.cpp')
  
C:\Users\tyler\Desktop\ProjectCplusPractice\Cplus3Dpractice\Cplus3Dpractice\GraphicsLogUtils.h(10,1): error C2143: syntax error: missing ';' before '}'
  (compiling source file 'ShaderBinary.cpp')
  
C:\Users\tyler\Desktop\ProjectCplusPractice\Cplus3Dpractice\Cplus3Dpractice\GraphicsLogUtils.h(8,49): error C2061: syntax error: identifier 'HRESULT'
  (compiling source file 'DeviceContext.cpp')
  
C:\Users\tyler\Desktop\ProjectCplusPractice\Cplus3Dpractice\Cplus3Dpractice\GraphicsLogUtils.h(8,63): error C2014: preprocessor command must start as first nonwhite space
  (compiling source file 'DeviceContext.cpp')
  
C:\Users\tyler\Desktop\ProjectCplusPractice\Cplus3Dpractice\Cplus3Dpractice\GraphicsLogUtils.h(10,1): error C2143: syntax error: missing ')' before '}'
  (compiling source file 'DeviceContext.cpp')
  
C:\Users\tyler\Desktop\ProjectCplusPractice\Cplus3Dpractice\Cplus3Dpractice\GraphicsLogUtils.h(10,1): error C2143: syntax error: missing ';' before '}'
  (compiling source file 'DeviceContext.cpp')
  
C:\Users\tyler\Desktop\ProjectCplusPractice\Cplus3Dpractice\Cplus3Dpractice\GraphicsLogUtils.h(8,49): error C2061: syntax error: identifier 'HRESULT'
  (compiling source file 'SwapChain.cpp')
  
C:\Users\tyler\Desktop\ProjectCplusPractice\Cplus3Dpractice\Cplus3Dpractice\GraphicsLogUtils.h(8,63): error C2014: preprocessor command must start as first nonwhite space
  (compiling source file 'SwapChain.cpp')
  
C:\Users\tyler\Desktop\ProjectCplusPractice\Cplus3Dpractice\Cplus3Dpractice\GraphicsLogUtils.h(10,1): error C2143: syntax error: missing ')' before '}'
  (compiling source file 'SwapChain.cpp')
  
C:\Users\tyler\Desktop\ProjectCplusPractice\Cplus3Dpractice\Cplus3Dpractice\GraphicsLogUtils.h(10,1): error C2143: syntax error: missing ';' before '}'
  (compiling source file 'SwapChain.cpp')
  
C:\Program Files (x86)\Windows Kits\10\Include\10.0.26100.0\winrt\wrl\internal.h(58,11): error C2039: 'RaiseException': is not a member of '`global namespace''
  (compiling source file 'ShaderBinary.cpp')
  
C:\Program Files (x86)\Windows Kits\10\Include\10.0.26100.0\winrt\wrl\internal.h(58,11): error C2660: 'dx3d::Microsoft::WRL::Details::RaiseException': function does not take 4 arguments
  (compiling source file 'ShaderBinary.cpp')
      C:\Program Files (x86)\Windows Kits\10\Include\10.0.26100.0\winrt\wrl\internal.h(56,38):
      see declaration of 'dx3d::Microsoft::WRL::Details::RaiseException'
      C:\Program Files (x86)\Windows Kits\10\Include\10.0.26100.0\winrt\wrl\internal.h(58,11):
      while trying to match the argument list '(dx3d::DWORD, dx3d::DWORD, int, int)'
  
C:\Users\tyler\Desktop\ProjectCplusPractice\Cplus3Dpractice\Cplus3Dpractice\Win32Window.cpp(17,1): warning C4715: 'WindowProcedure': not all control paths return a value
C:\Program Files (x86)\Windows Kits\10\Include\10.0.26100.0\winrt\wrl\client.h(587,9): error C2678: binary '!=': no operator found which takes a left-hand operand of type 'const _GUID' (or there is no acceptable conversion)
  (compiling source file 'ShaderBinary.cpp')
      C:\Program Files (x86)\Windows Kits\10\Include\10.0.26100.0\um\d3d11.h(1373,13):
      could be 'bool dx3d::operator !=(const dx3d::D3D11_BOX &,const dx3d::D3D11_BOX &)'
          C:\Program Files (x86)\Windows Kits\10\Include\10.0.26100.0\winrt\wrl\client.h(587,9):
          'bool dx3d::operator !=(const dx3d::D3D11_BOX &,const dx3d::D3D11_BOX &)': cannot convert argument 1 from 'const dx3d::IID' to 'const dx3d::D3D11_BOX &'
              C:\Program Files (x86)\Windows Kits\10\Include\10.0.26100.0\winrt\wrl\client.h(587,9):
              Reason: cannot convert from 'const dx3d::IID' to 'const dx3d::D3D11_BOX'
              C:\Program Files (x86)\Windows Kits\10\Include\10.0.26100.0\winrt\wrl\client.h(587,9):
              No user-defined-conversion operator available that can perform this conversion, or the operator cannot be called
      C:\Program Files (x86)\Windows Kits\10\Include\10.0.26100.0\um\d3d11.h(1329,13):
      or       'bool dx3d::operator !=(const dx3d::D3D11_RECT &,const dx3d::D3D11_RECT &)'
          C:\Program Files (x86)\Windows Kits\10\Include\10.0.26100.0\winrt\wrl\client.h(587,9):
          'bool dx3d::operator !=(const dx3d::D3D11_RECT &,const dx3d::D3D11_RECT &)': cannot convert argument 1 from 'const dx3d::IID' to 'const dx3d::D3D11_RECT &'
              C:\Program Files (x86)\Windows Kits\10\Include\10.0.26100.0\winrt\wrl\client.h(587,9):
              Reason: cannot convert from 'const dx3d::IID' to 'const dx3d::D3D11_RECT'
              C:\Program Files (x86)\Windows Kits\10\Include\10.0.26100.0\winrt\wrl\client.h(587,9):
              No user-defined-conversion operator available that can perform this conversion, or the operator cannot be called
      C:\Program Files (x86)\Windows Kits\10\Include\10.0.26100.0\um\d3d11.h(1145,13):
      or       'bool dx3d::operator !=(const dx3d::D3D11_VIEWPORT &,const dx3d::D3D11_VIEWPORT &)'
          C:\Program Files (x86)\Windows Kits\10\Include\10.0.26100.0\winrt\wrl\client.h(587,9):
          'bool dx3d::operator !=(const dx3d::D3D11_VIEWPORT &,const dx3d::D3D11_VIEWPORT &)': cannot convert argument 1 from 'const dx3d::IID' to 'const dx3d::D3D11_VIEWPORT &'
              C:\Program Files (x86)\Windows Kits\10\Include\10.0.26100.0\winrt\wrl\client.h(587,9):
              Reason: cannot convert from 'const dx3d::IID' to 'const dx3d::D3D11_VIEWPORT'
              C:\Program Files (x86)\Windows Kits\10\Include\10.0.26100.0\winrt\wrl\client.h(587,9):
              No user-defined-conversion operator available that can perform this conversion, or the operator cannot be called
      C:\Program Files (x86)\Windows Kits\10\Include\10.0.26100.0\shared\guiddef.h(197,15):
      or       'bool dx3d::operator !=(const dx3d::GUID &,const dx3d::GUID &)'
          C:\Program Files (x86)\Windows Kits\10\Include\10.0.26100.0\winrt\wrl\client.h(587,9):
          'bool dx3d::operator !=(const dx3d::GUID &,const dx3d::GUID &)': cannot convert argument 2 from 'const _GUID' to 'const dx3d::GUID &'
              C:\Program Files (x86)\Windows Kits\10\Include\10.0.26100.0\winrt\wrl\client.h(587,9):
              Reason: cannot convert from 'const _GUID' to 'const dx3d::GUID'
              C:\Program Files (x86)\Windows Kits\10\Include\10.0.26100.0\winrt\wrl\client.h(587,9):
              No user-defined-conversion operator available that can perform this conversion, or the operator cannot be called
      C:\Program Files (x86)\Windows Kits\10\Include\10.0.26100.0\shared\guiddef.h(192,15):
      or 'bool dx3d::operator ==(const dx3d::GUID &,const dx3d::GUID &)' [rewritten expression '!(x == y)']
          C:\Program Files (x86)\Windows Kits\10\Include\10.0.26100.0\winrt\wrl\client.h(587,9):
          'bool dx3d::operator ==(const dx3d::GUID &,const dx3d::GUID &)': cannot convert argument 2 from 'const _GUID' to 'const dx3d::GUID &'
              C:\Program Files (x86)\Windows Kits\10\Include\10.0.26100.0\winrt\wrl\client.h(587,9):
              Reason: cannot convert from 'const _GUID' to 'const dx3d::GUID'
              C:\Program Files (x86)\Windows Kits\10\Include\10.0.26100.0\winrt\wrl\client.h(587,9):
              No user-defined-conversion operator available that can perform this conversion, or the operator cannot be called
      C:\Program Files (x86)\Windows Kits\10\Include\10.0.26100.0\um\d3d11.h(1140,13):
      or 'bool dx3d::operator ==(const dx3d::D3D11_VIEWPORT &,const dx3d::D3D11_VIEWPORT &)' [rewritten expression '!(x == y)']
          C:\Program Files (x86)\Windows Kits\10\Include\10.0.26100.0\winrt\wrl\client.h(587,9):
          'bool dx3d::operator ==(const dx3d::D3D11_VIEWPORT &,const dx3d::D3D11_VIEWPORT &)': cannot convert argument 1 from 'const dx3d::IID' to 'const dx3d::D3D11_VIEWPORT &'
              C:\Program Files (x86)\Windows Kits\10\Include\10.0.26100.0\winrt\wrl\client.h(587,9):
              Reason: cannot convert from 'const dx3d::IID' to 'const dx3d::D3D11_VIEWPORT'
              C:\Program Files (x86)\Windows Kits\10\Include\10.0.26100.0\winrt\wrl\client.h(587,9):
              No user-defined-conversion operator available that can perform this conversion, or the operator cannot be called
      C:\Program Files (x86)\Windows Kits\10\Include\10.0.26100.0\um\d3d11.h(1324,13):
      or 'bool dx3d::operator ==(const dx3d::D3D11_RECT &,const dx3d::D3D11_RECT &)' [rewritten expression '!(x == y)']
          C:\Program Files (x86)\Windows Kits\10\Include\10.0.26100.0\winrt\wrl\client.h(587,9):
          'bool dx3d::operator ==(const dx3d::D3D11_RECT &,const dx3d::D3D11_RECT &)': cannot convert argument 1 from 'const dx3d::IID' to 'const dx3d::D3D11_RECT &'
              C:\Program Files (x86)\Windows Kits\10\Include\10.0.26100.0\winrt\wrl\client.h(587,9):
              Reason: cannot convert from 'const dx3d::IID' to 'const dx3d::D3D11_RECT'
              C:\Program Files (x86)\Windows Kits\10\Include\10.0.26100.0\winrt\wrl\client.h(587,9):
              No user-defined-conversion operator available that can perform this conversion, or the operator cannot be called
      C:\Program Files (x86)\Windows Kits\10\Include\10.0.26100.0\um\d3d11.h(1368,13):
      or 'bool dx3d::operator ==(const dx3d::D3D11_BOX &,const dx3d::D3D11_BOX &)' [rewritten expression '!(x == y)']
          C:\Program Files (x86)\Windows Kits\10\Include\10.0.26100.0\winrt\wrl\client.h(587,9):
          'bool dx3d::operator ==(const dx3d::D3D11_BOX &,const dx3d::D3D11_BOX &)': cannot convert argument 1 from 'const dx3d::IID' to 'const dx3d::D3D11_BOX &'
              C:\Program Files (x86)\Windows Kits\10\Include\10.0.26100.0\winrt\wrl\client.h(587,9):
              Reason: cannot convert from 'const dx3d::IID' to 'const dx3d::D3D11_BOX'
              C:\Program Files (x86)\Windows Kits\10\Include\10.0.26100.0\winrt\wrl\client.h(587,9):
              No user-defined-conversion operator available that can perform this conversion, or the operator cannot be called
      C:\Program Files (x86)\Windows Kits\10\Include\10.0.26100.0\shared\guiddef.h(192,15):
      or 'bool dx3d::operator ==(const dx3d::GUID &,const dx3d::GUID &)' [synthesized expression '!(y == x)']
          C:\Program Files (x86)\Windows Kits\10\Include\10.0.26100.0\winrt\wrl\client.h(587,9):
          'bool dx3d::operator ==(const dx3d::GUID &,const dx3d::GUID &)': cannot convert argument 1 from 'const _GUID' to 'const dx3d::GUID &'
              C:\Program Files (x86)\Windows Kits\10\Include\10.0.26100.0\winrt\wrl\client.h(587,9):
              Reason: cannot convert from 'const _GUID' to 'const dx3d::GUID'
              C:\Program Files (x86)\Windows Kits\10\Include\10.0.26100.0\winrt\wrl\client.h(587,9):
              No user-defined-conversion operator available that can perform this conversion, or the operator cannot be called
      C:\Program Files (x86)\Windows Kits\10\Include\10.0.26100.0\um\d3d11.h(1140,13):
      or 'bool dx3d::operator ==(const dx3d::D3D11_VIEWPORT &,const dx3d::D3D11_VIEWPORT &)' [synthesized expression '!(y == x)']
          C:\Program Files (x86)\Windows Kits\10\Include\10.0.26100.0\winrt\wrl\client.h(587,9):
          'bool dx3d::operator ==(const dx3d::D3D11_VIEWPORT &,const dx3d::D3D11_VIEWPORT &)': cannot convert argument 1 from 'const _GUID' to 'const dx3d::D3D11_VIEWPORT &'
              C:\Program Files (x86)\Windows Kits\10\Include\10.0.26100.0\winrt\wrl\client.h(587,9):
              Reason: cannot convert from 'const _GUID' to 'const dx3d::D3D11_VIEWPORT'
              C:\Program Files (x86)\Windows Kits\10\Include\10.0.26100.0\winrt\wrl\client.h(587,9):
              No user-defined-conversion operator available that can perform this conversion, or the operator cannot be called
      C:\Program Files (x86)\Windows Kits\10\Include\10.0.26100.0\um\d3d11.h(1324,13):
      or 'bool dx3d::operator ==(const dx3d::D3D11_RECT &,const dx3d::D3D11_RECT &)' [synthesized expression '!(y == x)']
          C:\Program Files (x86)\Windows Kits\10\Include\10.0.26100.0\winrt\wrl\client.h(587,9):
          'bool dx3d::operator ==(const dx3d::D3D11_RECT &,const dx3d::D3D11_RECT &)': cannot convert argument 1 from 'const _GUID' to 'const dx3d::D3D11_RECT &'
              C:\Program Files (x86)\Windows Kits\10\Include\10.0.26100.0\winrt\wrl\client.h(587,9):
              Reason: cannot convert from 'const _GUID' to 'const dx3d::D3D11_RECT'
              C:\Program Files (x86)\Windows Kits\10\Include\10.0.26100.0\winrt\wrl\client.h(587,9):
              No user-defined-conversion operator available that can perform this conversion, or the operator cannot be called
      C:\Program Files (x86)\Windows Kits\10\Include\10.0.26100.0\um\d3d11.h(1368,13):
      or 'bool dx3d::operator ==(const dx3d::D3D11_BOX &,const dx3d::D3D11_BOX &)' [synthesized expression '!(y == x)']
          C:\Program Files (x86)\Windows Kits\10\Include\10.0.26100.0\winrt\wrl\client.h(587,9):
          'bool dx3d::operator ==(const dx3d::D3D11_BOX &,const dx3d::D3D11_BOX &)': cannot convert argument 1 from 'const _GUID' to 'const dx3d::D3D11_BOX &'
              C:\Program Files (x86)\Windows Kits\10\Include\10.0.26100.0\winrt\wrl\client.h(587,9):
              Reason: cannot convert from 'const _GUID' to 'const dx3d::D3D11_BOX'
              C:\Program Files (x86)\Windows Kits\10\Include\10.0.26100.0\winrt\wrl\client.h(587,9):
              No user-defined-conversion operator available that can perform this conversion, or the operator cannot be called
      C:\Program Files (x86)\Windows Kits\10\Include\10.0.26100.0\winrt\wrl\client.h(587,9):
      while trying to match the argument list '(const dx3d::IID, const _GUID)'
  
C:\Program Files (x86)\Windows Kits\10\Include\10.0.26100.0\winrt\wrl\client.h(594,9): error C2678: binary '!=': no operator found which takes a left-hand operand of type 'const _GUID' (or there is no acceptable conversion)
  (compiling source file 'ShaderBinary.cpp')
      C:\Program Files (x86)\Windows Kits\10\Include\10.0.26100.0\um\d3d11.h(1373,13):
      could be 'bool dx3d::operator !=(const dx3d::D3D11_BOX &,const dx3d::D3D11_BOX &)'
          C:\Program Files (x86)\Windows Kits\10\Include\10.0.26100.0\winrt\wrl\client.h(594,9):
          'bool dx3d::operator !=(const dx3d::D3D11_BOX &,const dx3d::D3D11_BOX &)': cannot convert argument 1 from 'const dx3d::IID' to 'const dx3d::D3D11_BOX &'
              C:\Program Files (x86)\Windows Kits\10\Include\10.0.26100.0\winrt\wrl\client.h(594,9):
              Reason: cannot convert from 'const dx3d::IID' to 'const dx3d::D3D11_BOX'
              C:\Program Files (x86)\Windows Kits\10\Include\10.0.26100.0\winrt\wrl\client.h(594,9):
              No user-defined-conversion operator available that can perform this conversion, or the operator cannot be called
      C:\Program Files (x86)\Windows Kits\10\Include\10.0.26100.0\um\d3d11.h(1329,13):
      or       'bool dx3d::operator !=(const dx3d::D3D11_RECT &,const dx3d::D3D11_RECT &)'
          C:\Program Files (x86)\Windows Kits\10\Include\10.0.26100.0\winrt\wrl\client.h(594,9):
          'bool dx3d::operator !=(const dx3d::D3D11_RECT &,const dx3d::D3D11_RECT &)': cannot convert argument 1 from 'const dx3d::IID' to 'const dx3d::D3D11_RECT &'
              C:\Program Files (x86)\Windows Kits\10\Include\10.0.26100.0\winrt\wrl\client.h(594,9):
              Reason: cannot convert from 'const dx3d::IID' to 'const dx3d::D3D11_RECT'
              C:\Program Files (x86)\Windows Kits\10\Include\10.0.26100.0\winrt\wrl\client.h(594,9):
              No user-defined-conversion operator available that can perform this conversion, or the operator cannot be called
      C:\Program Files (x86)\Windows Kits\10\Include\10.0.26100.0\um\d3d11.h(1145,13):
      or       'bool dx3d::operator !=(const dx3d::D3D11_VIEWPORT &,const dx3d::D3D11_VIEWPORT &)'
          C:\Program Files (x86)\Windows Kits\10\Include\10.0.26100.0\winrt\wrl\client.h(594,9):
          'bool dx3d::operator !=(const dx3d::D3D11_VIEWPORT &,const dx3d::D3D11_VIEWPORT &)': cannot convert argument 1 from 'const dx3d::IID' to 'const dx3d::D3D11_VIEWPORT &'
              C:\Program Files (x86)\Windows Kits\10\Include\10.0.26100.0\winrt\wrl\client.h(594,9):
              Reason: cannot convert from 'const dx3d::IID' to 'const dx3d::D3D11_VIEWPORT'
              C:\Program Files (x86)\Windows Kits\10\Include\10.0.26100.0\winrt\wrl\client.h(594,9):
              No user-defined-conversion operator available that can perform this conversion, or the operator cannot be called
      C:\Program Files (x86)\Windows Kits\10\Include\10.0.26100.0\shared\guiddef.h(197,15):
      or       'bool dx3d::operator !=(const dx3d::GUID &,const dx3d::GUID &)'
          C:\Program Files (x86)\Windows Kits\10\Include\10.0.26100.0\winrt\wrl\client.h(594,9):
          'bool dx3d::operator !=(const dx3d::GUID &,const dx3d::GUID &)': cannot convert argument 2 from 'const _GUID' to 'const dx3d::GUID &'
              C:\Program Files (x86)\Windows Kits\10\Include\10.0.26100.0\winrt\wrl\client.h(594,9):
              Reason: cannot convert from 'const _GUID' to 'const dx3d::GUID'
              C:\Program Files (x86)\Windows Kits\10\Include\10.0.26100.0\winrt\wrl\client.h(594,9):
              No user-defined-conversion operator available that can perform this conversion, or the operator cannot be called
      C:\Program Files (x86)\Windows Kits\10\Include\10.0.26100.0\shared\guiddef.h(192,15):
      or 'bool dx3d::operator ==(const dx3d::GUID &,const dx3d::GUID &)' [rewritten expression '!(x == y)']
          C:\Program Files (x86)\Windows Kits\10\Include\10.0.26100.0\winrt\wrl\client.h(594,9):
          'bool dx3d::operator ==(const dx3d::GUID &,const dx3d::GUID &)': cannot convert argument 2 from 'const _GUID' to 'const dx3d::GUID &'
              C:\Program Files (x86)\Windows Kits\10\Include\10.0.26100.0\winrt\wrl\client.h(594,9):
              Reason: cannot convert from 'const _GUID' to 'const dx3d::GUID'
              C:\Program Files (x86)\Windows Kits\10\Include\10.0.26100.0\winrt\wrl\client.h(594,9):
              No user-defined-conversion operator available that can perform this conversion, or the operator cannot be called
      C:\Program Files (x86)\Windows Kits\10\Include\10.0.26100.0\um\d3d11.h(1140,13):
      or 'bool dx3d::operator ==(const dx3d::D3D11_VIEWPORT &,const dx3d::D3D11_VIEWPORT &)' [rewritten expression '!(x == y)']
          C:\Program Files (x86)\Windows Kits\10\Include\10.0.26100.0\winrt\wrl\client.h(594,9):
          'bool dx3d::operator ==(const dx3d::D3D11_VIEWPORT &,const dx3d::D3D11_VIEWPORT &)': cannot convert argument 1 from 'const dx3d::IID' to 'const dx3d::D3D11_VIEWPORT &'
              C:\Program Files (x86)\Windows Kits\10\Include\10.0.26100.0\winrt\wrl\client.h(594,9):
              Reason: cannot convert from 'const dx3d::IID' to 'const dx3d::D3D11_VIEWPORT'
              C:\Program Files (x86)\Windows Kits\10\Include\10.0.26100.0\winrt\wrl\client.h(594,9):
              No user-defined-conversion operator available that can perform this conversion, or the operator cannot be called
      C:\Program Files (x86)\Windows Kits\10\Include\10.0.26100.0\um\d3d11.h(1324,13):
      or 'bool dx3d::operator ==(const dx3d::D3D11_RECT &,const dx3d::D3D11_RECT &)' [rewritten expression '!(x == y)']
          C:\Program Files (x86)\Windows Kits\10\Include\10.0.26100.0\winrt\wrl\client.h(594,9):
          'bool dx3d::operator ==(const dx3d::D3D11_RECT &,const dx3d::D3D11_RECT &)': cannot convert argument 1 from 'const dx3d::IID' to 'const dx3d::D3D11_RECT &'
              C:\Program Files (x86)\Windows Kits\10\Include\10.0.26100.0\winrt\wrl\client.h(594,9):
              Reason: cannot convert from 'const dx3d::IID' to 'const dx3d::D3D11_RECT'
              C:\Program Files (x86)\Windows Kits\10\Include\10.0.26100.0\winrt\wrl\client.h(594,9):
              No user-defined-conversion operator available that can perform this conversion, or the operator cannot be called
      C:\Program Files (x86)\Windows Kits\10\Include\10.0.26100.0\um\d3d11.h(1368,13):
      or 'bool dx3d::operator ==(const dx3d::D3D11_BOX &,const dx3d::D3D11_BOX &)' [rewritten expression '!(x == y)']
          C:\Program Files (x86)\Windows Kits\10\Include\10.0.26100.0\winrt\wrl\client.h(594,9):
          'bool dx3d::operator ==(const dx3d::D3D11_BOX &,const dx3d::D3D11_BOX &)': cannot convert argument 1 from 'const dx3d::IID' to 'const dx3d::D3D11_BOX &'
              C:\Program Files (x86)\Windows Kits\10\Include\10.0.26100.0\winrt\wrl\client.h(594,9):
              Reason: cannot convert from 'const dx3d::IID' to 'const dx3d::D3D11_BOX'
              C:\Program Files (x86)\Windows Kits\10\Include\10.0.26100.0\winrt\wrl\client.h(594,9):
              No user-defined-conversion operator available that can perform this conversion, or the operator cannot be called
      C:\Program Files (x86)\Windows Kits\10\Include\10.0.26100.0\shared\guiddef.h(192,15):
      or 'bool dx3d::operator ==(const dx3d::GUID &,const dx3d::GUID &)' [synthesized expression '!(y == x)']
          C:\Program Files (x86)\Windows Kits\10\Include\10.0.26100.0\winrt\wrl\client.h(594,9):
          'bool dx3d::operator ==(const dx3d::GUID &,const dx3d::GUID &)': cannot convert argument 1 from 'const _GUID' to 'const dx3d::GUID &'
              C:\Program Files (x86)\Windows Kits\10\Include\10.0.26100.0\winrt\wrl\client.h(594,9):
              Reason: cannot convert from 'const _GUID' to 'const dx3d::GUID'
              C:\Program Files (x86)\Windows Kits\10\Include\10.0.26100.0\winrt\wrl\client.h(594,9):
              No user-defined-conversion operator available that can perform this conversion, or the operator cannot be called
      C:\Program Files (x86)\Windows Kits\10\Include\10.0.26100.0\um\d3d11.h(1140,13):
      or 'bool dx3d::operator ==(const dx3d::D3D11_VIEWPORT &,const dx3d::D3D11_VIEWPORT &)' [synthesized expression '!(y == x)']
          C:\Program Files (x86)\Windows Kits\10\Include\10.0.26100.0\winrt\wrl\client.h(594,9):
          'bool dx3d::operator ==(const dx3d::D3D11_VIEWPORT &,const dx3d::D3D11_VIEWPORT &)': cannot convert argument 1 from 'const _GUID' to 'const dx3d::D3D11_VIEWPORT &'
              C:\Program Files (x86)\Windows Kits\10\Include\10.0.26100.0\winrt\wrl\client.h(594,9):
              Reason: cannot convert from 'const _GUID' to 'const dx3d::D3D11_VIEWPORT'
              C:\Program Files (x86)\Windows Kits\10\Include\10.0.26100.0\winrt\wrl\client.h(594,9):
              No user-defined-conversion operator available that can perform this conversion, or the operator cannot be called
      C:\Program Files (x86)\Windows Kits\10\Include\10.0.26100.0\um\d3d11.h(1324,13):
      or 'bool dx3d::operator ==(const dx3d::D3D11_RECT &,const dx3d::D3D11_RECT &)' [synthesized expression '!(y == x)']
          C:\Program Files (x86)\Windows Kits\10\Include\10.0.26100.0\winrt\wrl\client.h(594,9):
          'bool dx3d::operator ==(const dx3d::D3D11_RECT &,const dx3d::D3D11_RECT &)': cannot convert argument 1 from 'const _GUID' to 'const dx3d::D3D11_RECT &'
              C:\Program Files (x86)\Windows Kits\10\Include\10.0.26100.0\winrt\wrl\client.h(594,9):
              Reason: cannot convert from 'const _GUID' to 'const dx3d::D3D11_RECT'
              C:\Program Files (x86)\Windows Kits\10\Include\10.0.26100.0\winrt\wrl\client.h(594,9):
              No user-defined-conversion operator available that can perform this conversion, or the operator cannot be called
      C:\Program Files (x86)\Windows Kits\10\Include\10.0.26100.0\um\d3d11.h(1368,13):
      or 'bool dx3d::operator ==(const dx3d::D3D11_BOX &,const dx3d::D3D11_BOX &)' [synthesized expression '!(y == x)']
          C:\Program Files (x86)\Windows Kits\10\Include\10.0.26100.0\winrt\wrl\client.h(594,9):
          'bool dx3d::operator ==(const dx3d::D3D11_BOX &,const dx3d::D3D11_BOX &)': cannot convert argument 1 from 'const _GUID' to 'const dx3d::D3D11_BOX &'
              C:\Program Files (x86)\Windows Kits\10\Include\10.0.26100.0\winrt\wrl\client.h(594,9):
              Reason: cannot convert from 'const _GUID' to 'const dx3d::D3D11_BOX'
              C:\Program Files (x86)\Windows Kits\10\Include\10.0.26100.0\winrt\wrl\client.h(594,9):
              No user-defined-conversion operator available that can perform this conversion, or the operator cannot be called
      C:\Program Files (x86)\Windows Kits\10\Include\10.0.26100.0\winrt\wrl\client.h(594,9):
      while trying to match the argument list '(const dx3d::IID, const _GUID)'
  
C:\Program Files (x86)\Windows Kits\10\Include\10.0.26100.0\winrt\wrl\client.h(725,9): error C2678: binary '!=': no operator found which takes a left-hand operand of type 'const _GUID' (or there is no acceptable conversion)
  (compiling source file 'ShaderBinary.cpp')
      C:\Program Files (x86)\Windows Kits\10\Include\10.0.26100.0\um\d3d11.h(1373,13):
      could be 'bool dx3d::operator !=(const dx3d::D3D11_BOX &,const dx3d::D3D11_BOX &)'
          C:\Program Files (x86)\Windows Kits\10\Include\10.0.26100.0\winrt\wrl\client.h(725,9):
          'bool dx3d::operator !=(const dx3d::D3D11_BOX &,const dx3d::D3D11_BOX &)': cannot convert argument 1 from 'const dx3d::IID' to 'const dx3d::D3D11_BOX &'
              C:\Program Files (x86)\Windows Kits\10\Include\10.0.26100.0\winrt\wrl\client.h(725,9):
              Reason: cannot convert from 'const dx3d::IID' to 'const dx3d::D3D11_BOX'
              C:\Program Files (x86)\Windows Kits\10\Include\10.0.26100.0\winrt\wrl\client.h(725,9):
              No user-defined-conversion operator available that can perform this conversion, or the operator cannot be called
      C:\Program Files (x86)\Windows Kits\10\Include\10.0.26100.0\um\d3d11.h(1329,13):
      or       'bool dx3d::operator !=(const dx3d::D3D11_RECT &,const dx3d::D3D11_RECT &)'
          C:\Program Files (x86)\Windows Kits\10\Include\10.0.26100.0\winrt\wrl\client.h(725,9):
          'bool dx3d::operator !=(const dx3d::D3D11_RECT &,const dx3d::D3D11_RECT &)': cannot convert argument 1 from 'const dx3d::IID' to 'const dx3d::D3D11_RECT &'
              C:\Program Files (x86)\Windows Kits\10\Include\10.0.26100.0\winrt\wrl\client.h(725,9):
              Reason: cannot convert from 'const dx3d::IID' to 'const dx3d::D3D11_RECT'
              C:\Program Files (x86)\Windows Kits\10\Include\10.0.26100.0\winrt\wrl\client.h(725,9):
              No user-defined-conversion operator available that can perform this conversion, or the operator cannot be called
      C:\Program Files (x86)\Windows Kits\10\Include\10.0.26100.0\um\d3d11.h(1145,13):
      or       'bool dx3d::operator !=(const dx3d::D3D11_VIEWPORT &,const dx3d::D3D11_VIEWPORT &)'
          C:\Program Files (x86)\Windows Kits\10\Include\10.0.26100.0\winrt\wrl\client.h(725,9):
          'bool dx3d::operator !=(const dx3d::D3D11_VIEWPORT &,const dx3d::D3D11_VIEWPORT &)': cannot convert argument 1 from 'const dx3d::IID' to 'const dx3d::D3D11_VIEWPORT &'
              C:\Program Files (x86)\Windows Kits\10\Include\10.0.26100.0\winrt\wrl\client.h(725,9):
              Reason: cannot convert from 'const dx3d::IID' to 'const dx3d::D3D11_VIEWPORT'
              C:\Program Files (x86)\Windows Kits\10\Include\10.0.26100.0\winrt\wrl\client.h(725,9):
              No user-defined-conversion operator available that can perform this conversion, or the operator cannot be called
      C:\Program Files (x86)\Windows Kits\10\Include\10.0.26100.0\shared\guiddef.h(197,15):
      or       'bool dx3d::operator !=(const dx3d::GUID &,const dx3d::GUID &)'
          C:\Program Files (x86)\Windows Kits\10\Include\10.0.26100.0\winrt\wrl\client.h(725,9):
          'bool dx3d::operator !=(const dx3d::GUID &,const dx3d::GUID &)': cannot convert argument 2 from 'const _GUID' to 'const dx3d::GUID &'
              C:\Program Files (x86)\Windows Kits\10\Include\10.0.26100.0\winrt\wrl\client.h(725,9):
              Reason: cannot convert from 'const _GUID' to 'const dx3d::GUID'
              C:\Program Files (x86)\Windows Kits\10\Include\10.0.26100.0\winrt\wrl\client.h(725,9):
              No user-defined-conversion operator available that can perform this conversion, or the operator cannot be called
      C:\Program Files (x86)\Windows Kits\10\Include\10.0.26100.0\shared\guiddef.h(192,15):
      or 'bool dx3d::operator ==(const dx3d::GUID &,const dx3d::GUID &)' [rewritten expression '!(x == y)']
          C:\Program Files (x86)\Windows Kits\10\Include\10.0.26100.0\winrt\wrl\client.h(725,9):
          'bool dx3d::operator ==(const dx3d::GUID &,const dx3d::GUID &)': cannot convert argument 2 from 'const _GUID' to 'const dx3d::GUID &'
              C:\Program Files (x86)\Windows Kits\10\Include\10.0.26100.0\winrt\wrl\client.h(725,9):
              Reason: cannot convert from 'const _GUID' to 'const dx3d::GUID'
              C:\Program Files (x86)\Windows Kits\10\Include\10.0.26100.0\winrt\wrl\client.h(725,9):
              No user-defined-conversion operator available that can perform this conversion, or the operator cannot be called
      C:\Program Files (x86)\Windows Kits\10\Include\10.0.26100.0\um\d3d11.h(1140,13):
      or 'bool dx3d::operator ==(const dx3d::D3D11_VIEWPORT &,const dx3d::D3D11_VIEWPORT &)' [rewritten expression '!(x == y)']
          C:\Program Files (x86)\Windows Kits\10\Include\10.0.26100.0\winrt\wrl\client.h(725,9):
          'bool dx3d::operator ==(const dx3d::D3D11_VIEWPORT &,const dx3d::D3D11_VIEWPORT &)': cannot convert argument 1 from 'const dx3d::IID' to 'const dx3d::D3D11_VIEWPORT &'
              C:\Program Files (x86)\Windows Kits\10\Include\10.0.26100.0\winrt\wrl\client.h(725,9):
              Reason: cannot convert from 'const dx3d::IID' to 'const dx3d::D3D11_VIEWPORT'
              C:\Program Files (x86)\Windows Kits\10\Include\10.0.26100.0\winrt\wrl\client.h(725,9):
              No user-defined-conversion operator available that can perform this conversion, or the operator cannot be called
      C:\Program Files (x86)\Windows Kits\10\Include\10.0.26100.0\um\d3d11.h(1324,13):
      or 'bool dx3d::operator ==(const dx3d::D3D11_RECT &,const dx3d::D3D11_RECT &)' [rewritten expression '!(x == y)']
          C:\Program Files (x86)\Windows Kits\10\Include\10.0.26100.0\winrt\wrl\client.h(725,9):
          'bool dx3d::operator ==(const dx3d::D3D11_RECT &,const dx3d::D3D11_RECT &)': cannot convert argument 1 from 'const dx3d::IID' to 'const dx3d::D3D11_RECT &'
              C:\Program Files (x86)\Windows Kits\10\Include\10.0.26100.0\winrt\wrl\client.h(725,9):
              Reason: cannot convert from 'const dx3d::IID' to 'const dx3d::D3D11_RECT'
              C:\Program Files (x86)\Windows Kits\10\Include\10.0.26100.0\winrt\wrl\client.h(725,9):
              No user-defined-conversion operator available that can perform this conversion, or the operator cannot be called
      C:\Program Files (x86)\Windows Kits\10\Include\10.0.26100.0\um\d3d11.h(1368,13):
      or 'bool dx3d::operator ==(const dx3d::D3D11_BOX &,const dx3d::D3D11_BOX &)' [rewritten expression '!(x == y)']
          C:\Program Files (x86)\Windows Kits\10\Include\10.0.26100.0\winrt\wrl\client.h(725,9):
          'bool dx3d::operator ==(const dx3d::D3D11_BOX &,const dx3d::D3D11_BOX &)': cannot convert argument 1 from 'const dx3d::IID' to 'const dx3d::D3D11_BOX &'
              C:\Program Files (x86)\Windows Kits\10\Include\10.0.26100.0\winrt\wrl\client.h(725,9):
              Reason: cannot convert from 'const dx3d::IID' to 'const dx3d::D3D11_BOX'
              C:\Program Files (x86)\Windows Kits\10\Include\10.0.26100.0\winrt\wrl\client.h(725,9):
              No user-defined-conversion operator available that can perform this conversion, or the operator cannot be called
      C:\Program Files (x86)\Windows Kits\10\Include\10.0.26100.0\shared\guiddef.h(192,15):
      or 'bool dx3d::operator ==(const dx3d::GUID &,const dx3d::GUID &)' [synthesized expression '!(y == x)']
          C:\Program Files (x86)\Windows Kits\10\Include\10.0.26100.0\winrt\wrl\client.h(725,9):
          'bool dx3d::operator ==(const dx3d::GUID &,const dx3d::GUID &)': cannot convert argument 1 from 'const _GUID' to 'const dx3d::GUID &'
              C:\Program Files (x86)\Windows Kits\10\Include\10.0.26100.0\winrt\wrl\client.h(725,9):
              Reason: cannot convert from 'const _GUID' to 'const dx3d::GUID'
              C:\Program Files (x86)\Windows Kits\10\Include\10.0.26100.0\winrt\wrl\client.h(725,9):
              No user-defined-conversion operator available that can perform this conversion, or the operator cannot be called
      C:\Program Files (x86)\Windows Kits\10\Include\10.0.26100.0\um\d3d11.h(1140,13):
      or 'bool dx3d::operator ==(const dx3d::D3D11_VIEWPORT &,const dx3d::D3D11_VIEWPORT &)' [synthesized expression '!(y == x)']
          C:\Program Files (x86)\Windows Kits\10\Include\10.0.26100.0\winrt\wrl\client.h(725,9):
          'bool dx3d::operator ==(const dx3d::D3D11_VIEWPORT &,const dx3d::D3D11_VIEWPORT &)': cannot convert argument 1 from 'const _GUID' to 'const dx3d::D3D11_VIEWPORT &'
              C:\Program Files (x86)\Windows Kits\10\Include\10.0.26100.0\winrt\wrl\client.h(725,9):
              Reason: cannot convert from 'const _GUID' to 'const dx3d::D3D11_VIEWPORT'
              C:\Program Files (x86)\Windows Kits\10\Include\10.0.26100.0\winrt\wrl\client.h(725,9):
              No user-defined-conversion operator available that can perform this conversion, or the operator cannot be called
      C:\Program Files (x86)\Windows Kits\10\Include\10.0.26100.0\um\d3d11.h(1324,13):
      or 'bool dx3d::operator ==(const dx3d::D3D11_RECT &,const dx3d::D3D11_RECT &)' [synthesized expression '!(y == x)']
          C:\Program Files (x86)\Windows Kits\10\Include\10.0.26100.0\winrt\wrl\client.h(725,9):
          'bool dx3d::operator ==(const dx3d::D3D11_RECT &,const dx3d::D3D11_RECT &)': cannot convert argument 1 from 'const _GUID' to 'const dx3d::D3D11_RECT &'
              C:\Program Files (x86)\Windows Kits\10\Include\10.0.26100.0\winrt\wrl\client.h(725,9):
              Reason: cannot convert from 'const _GUID' to 'const dx3d::D3D11_RECT'
              C:\Program Files (x86)\Windows Kits\10\Include\10.0.26100.0\winrt\wrl\client.h(725,9):
              No user-defined-conversion operator available that can perform this conversion, or the operator cannot be called
      C:\Program Files (x86)\Windows Kits\10\Include\10.0.26100.0\um\d3d11.h(1368,13):
      or 'bool dx3d::operator ==(const dx3d::D3D11_BOX &,const dx3d::D3D11_BOX &)' [synthesized expression '!(y == x)']
          C:\Program Files (x86)\Windows Kits\10\Include\10.0.26100.0\winrt\wrl\client.h(725,9):
          'bool dx3d::operator ==(const dx3d::D3D11_BOX &,const dx3d::D3D11_BOX &)': cannot convert argument 1 from 'const _GUID' to 'const dx3d::D3D11_BOX &'
              C:\Program Files (x86)\Windows Kits\10\Include\10.0.26100.0\winrt\wrl\client.h(725,9):
              Reason: cannot convert from 'const _GUID' to 'const dx3d::D3D11_BOX'
              C:\Program Files (x86)\Windows Kits\10\Include\10.0.26100.0\winrt\wrl\client.h(725,9):
              No user-defined-conversion operator available that can perform this conversion, or the operator cannot be called
      C:\Program Files (x86)\Windows Kits\10\Include\10.0.26100.0\winrt\wrl\client.h(725,9):
      while trying to match the argument list '(const dx3d::IID, const _GUID)'
  
C:\Program Files (x86)\Windows Kits\10\Include\10.0.26100.0\winrt\wrl\client.h(732,9): error C2678: binary '!=': no operator found which takes a left-hand operand of type 'const _GUID' (or there is no acceptable conversion)
  (compiling source file 'ShaderBinary.cpp')
      C:\Program Files (x86)\Windows Kits\10\Include\10.0.26100.0\um\d3d11.h(1373,13):
      could be 'bool dx3d::operator !=(const dx3d::D3D11_BOX &,const dx3d::D3D11_BOX &)'
          C:\Program Files (x86)\Windows Kits\10\Include\10.0.26100.0\winrt\wrl\client.h(732,9):
          'bool dx3d::operator !=(const dx3d::D3D11_BOX &,const dx3d::D3D11_BOX &)': cannot convert argument 1 from 'const dx3d::IID' to 'const dx3d::D3D11_BOX &'
              C:\Program Files (x86)\Windows Kits\10\Include\10.0.26100.0\winrt\wrl\client.h(732,9):
              Reason: cannot convert from 'const dx3d::IID' to 'const dx3d::D3D11_BOX'
              C:\Program Files (x86)\Windows Kits\10\Include\10.0.26100.0\winrt\wrl\client.h(732,9):
              No user-defined-conversion operator available that can perform this conversion, or the operator cannot be called
      C:\Program Files (x86)\Windows Kits\10\Include\10.0.26100.0\um\d3d11.h(1329,13):
      or       'bool dx3d::operator !=(const dx3d::D3D11_RECT &,const dx3d::D3D11_RECT &)'
          C:\Program Files (x86)\Windows Kits\10\Include\10.0.26100.0\winrt\wrl\client.h(732,9):
          'bool dx3d::operator !=(const dx3d::D3D11_RECT &,const dx3d::D3D11_RECT &)': cannot convert argument 1 from 'const dx3d::IID' to 'const dx3d::D3D11_RECT &'
              C:\Program Files (x86)\Windows Kits\10\Include\10.0.26100.0\winrt\wrl\client.h(732,9):
              Reason: cannot convert from 'const dx3d::IID' to 'const dx3d::D3D11_RECT'
              C:\Program Files (x86)\Windows Kits\10\Include\10.0.26100.0\winrt\wrl\client.h(732,9):
              No user-defined-conversion operator available that can perform this conversion, or the operator cannot be called
      C:\Program Files (x86)\Windows Kits\10\Include\10.0.26100.0\um\d3d11.h(1145,13):
      or       'bool dx3d::operator !=(const dx3d::D3D11_VIEWPORT &,const dx3d::D3D11_VIEWPORT &)'
          C:\Program Files (x86)\Windows Kits\10\Include\10.0.26100.0\winrt\wrl\client.h(732,9):
          'bool dx3d::operator !=(const dx3d::D3D11_VIEWPORT &,const dx3d::D3D11_VIEWPORT &)': cannot convert argument 1 from 'const dx3d::IID' to 'const dx3d::D3D11_VIEWPORT &'
              C:\Program Files (x86)\Windows Kits\10\Include\10.0.26100.0\winrt\wrl\client.h(732,9):
              Reason: cannot convert from 'const dx3d::IID' to 'const dx3d::D3D11_VIEWPORT'
              C:\Program Files (x86)\Windows Kits\10\Include\10.0.26100.0\winrt\wrl\client.h(732,9):
              No user-defined-conversion operator available that can perform this conversion, or the operator cannot be called
      C:\Program Files (x86)\Windows Kits\10\Include\10.0.26100.0\shared\guiddef.h(197,15):
      or       'bool dx3d::operator !=(const dx3d::GUID &,const dx3d::GUID &)'
          C:\Program Files (x86)\Windows Kits\10\Include\10.0.26100.0\winrt\wrl\client.h(732,9):
          'bool dx3d::operator !=(const dx3d::GUID &,const dx3d::GUID &)': cannot convert argument 2 from 'const _GUID' to 'const dx3d::GUID &'
              C:\Program Files (x86)\Windows Kits\10\Include\10.0.26100.0\winrt\wrl\client.h(732,9):
              Reason: cannot convert from 'const _GUID' to 'const dx3d::GUID'
              C:\Program Files (x86)\Windows Kits\10\Include\10.0.26100.0\winrt\wrl\client.h(732,9):
              No user-defined-conversion operator available that can perform this conversion, or the operator cannot be called
      C:\Program Files (x86)\Windows Kits\10\Include\10.0.26100.0\shared\guiddef.h(192,15):
      or 'bool dx3d::operator ==(const dx3d::GUID &,const dx3d::GUID &)' [rewritten expression '!(x == y)']
          C:\Program Files (x86)\Windows Kits\10\Include\10.0.26100.0\winrt\wrl\client.h(732,9):
          'bool dx3d::operator ==(const dx3d::GUID &,const dx3d::GUID &)': cannot convert argument 2 from 'const _GUID' to 'const dx3d::GUID &'
              C:\Program Files (x86)\Windows Kits\10\Include\10.0.26100.0\winrt\wrl\client.h(732,9):
              Reason: cannot convert from 'const _GUID' to 'const dx3d::GUID'
              C:\Program Files (x86)\Windows Kits\10\Include\10.0.26100.0\winrt\wrl\client.h(732,9):
              No user-defined-conversion operator available that can perform this conversion, or the operator cannot be called
      C:\Program Files (x86)\Windows Kits\10\Include\10.0.26100.0\um\d3d11.h(1140,13):
      or 'bool dx3d::operator ==(const dx3d::D3D11_VIEWPORT &,const dx3d::D3D11_VIEWPORT &)' [rewritten expression '!(x == y)']
          C:\Program Files (x86)\Windows Kits\10\Include\10.0.26100.0\winrt\wrl\client.h(732,9):
          'bool dx3d::operator ==(const dx3d::D3D11_VIEWPORT &,const dx3d::D3D11_VIEWPORT &)': cannot convert argument 1 from 'const dx3d::IID' to 'const dx3d::D3D11_VIEWPORT &'
              C:\Program Files (x86)\Windows Kits\10\Include\10.0.26100.0\winrt\wrl\client.h(732,9):
              Reason: cannot convert from 'const dx3d::IID' to 'const dx3d::D3D11_VIEWPORT'
              C:\Program Files (x86)\Windows Kits\10\Include\10.0.26100.0\winrt\wrl\client.h(732,9):
              No user-defined-conversion operator available that can perform this conversion, or the operator cannot be called
      C:\Program Files (x86)\Windows Kits\10\Include\10.0.26100.0\um\d3d11.h(1324,13):
      or 'bool dx3d::operator ==(const dx3d::D3D11_RECT &,const dx3d::D3D11_RECT &)' [rewritten expression '!(x == y)']
          C:\Program Files (x86)\Windows Kits\10\Include\10.0.26100.0\winrt\wrl\client.h(732,9):
          'bool dx3d::operator ==(const dx3d::D3D11_RECT &,const dx3d::D3D11_RECT &)': cannot convert argument 1 from 'const dx3d::IID' to 'const dx3d::D3D11_RECT &'
              C:\Program Files (x86)\Windows Kits\10\Include\10.0.26100.0\winrt\wrl\client.h(732,9):
              Reason: cannot convert from 'const dx3d::IID' to 'const dx3d::D3D11_RECT'
              C:\Program Files (x86)\Windows Kits\10\Include\10.0.26100.0\winrt\wrl\client.h(732,9):
              No user-defined-conversion operator available that can perform this conversion, or the operator cannot be called
      C:\Program Files (x86)\Windows Kits\10\Include\10.0.26100.0\um\d3d11.h(1368,13):
      or 'bool dx3d::operator ==(const dx3d::D3D11_BOX &,const dx3d::D3D11_BOX &)' [rewritten expression '!(x == y)']
          C:\Program Files (x86)\Windows Kits\10\Include\10.0.26100.0\winrt\wrl\client.h(732,9):
          'bool dx3d::operator ==(const dx3d::D3D11_BOX &,const dx3d::D3D11_BOX &)': cannot convert argument 1 from 'const dx3d::IID' to 'const dx3d::D3D11_BOX &'
              C:\Program Files (x86)\Windows Kits\10\Include\10.0.26100.0\winrt\wrl\client.h(732,9):
              Reason: cannot convert from 'const dx3d::IID' to 'const dx3d::D3D11_BOX'
              C:\Program Files (x86)\Windows Kits\10\Include\10.0.26100.0\winrt\wrl\client.h(732,9):
              No user-defined-conversion operator available that can perform this conversion, or the operator cannot be called
      C:\Program Files (x86)\Windows Kits\10\Include\10.0.26100.0\shared\guiddef.h(192,15):
      or 'bool dx3d::operator ==(const dx3d::GUID &,const dx3d::GUID &)' [synthesized expression '!(y == x)']
          C:\Program Files (x86)\Windows Kits\10\Include\10.0.26100.0\winrt\wrl\client.h(732,9):
          'bool dx3d::operator ==(const dx3d::GUID &,const dx3d::GUID &)': cannot convert argument 1 from 'const _GUID' to 'const dx3d::GUID &'
              C:\Program Files (x86)\Windows Kits\10\Include\10.0.26100.0\winrt\wrl\client.h(732,9):
              Reason: cannot convert from 'const _GUID' to 'const dx3d::GUID'
              C:\Program Files (x86)\Windows Kits\10\Include\10.0.26100.0\winrt\wrl\client.h(732,9):
              No user-defined-conversion operator available that can perform this conversion, or the operator cannot be called
      C:\Program Files (x86)\Windows Kits\10\Include\10.0.26100.0\um\d3d11.h(1140,13):
      or 'bool dx3d::operator ==(const dx3d::D3D11_VIEWPORT &,const dx3d::D3D11_VIEWPORT &)' [synthesized expression '!(y == x)']
          C:\Program Files (x86)\Windows Kits\10\Include\10.0.26100.0\winrt\wrl\client.h(732,9):
          'bool dx3d::operator ==(const dx3d::D3D11_VIEWPORT &,const dx3d::D3D11_VIEWPORT &)': cannot convert argument 1 from 'const _GUID' to 'const dx3d::D3D11_VIEWPORT &'
              C:\Program Files (x86)\Windows Kits\10\Include\10.0.26100.0\winrt\wrl\client.h(732,9):
              Reason: cannot convert from 'const _GUID' to 'const dx3d::D3D11_VIEWPORT'
              C:\Program Files (x86)\Windows Kits\10\Include\10.0.26100.0\winrt\wrl\client.h(732,9):
              No user-defined-conversion operator available that can perform this conversion, or the operator cannot be called
      C:\Program Files (x86)\Windows Kits\10\Include\10.0.26100.0\um\d3d11.h(1324,13):
      or 'bool dx3d::operator ==(const dx3d::D3D11_RECT &,const dx3d::D3D11_RECT &)' [synthesized expression '!(y == x)']
          C:\Program Files (x86)\Windows Kits\10\Include\10.0.26100.0\winrt\wrl\client.h(732,9):
          'bool dx3d::operator ==(const dx3d::D3D11_RECT &,const dx3d::D3D11_RECT &)': cannot convert argument 1 from 'const _GUID' to 'const dx3d::D3D11_RECT &'
              C:\Program Files (x86)\Windows Kits\10\Include\10.0.26100.0\winrt\wrl\client.h(732,9):
              Reason: cannot convert from 'const _GUID' to 'const dx3d::D3D11_RECT'
              C:\Program Files (x86)\Windows Kits\10\Include\10.0.26100.0\winrt\wrl\client.h(732,9):
              No user-defined-conversion operator available that can perform this conversion, or the operator cannot be called
      C:\Program Files (x86)\Windows Kits\10\Include\10.0.26100.0\um\d3d11.h(1368,13):
      or 'bool dx3d::operator ==(const dx3d::D3D11_BOX &,const dx3d::D3D11_BOX &)' [synthesized expression '!(y == x)']
          C:\Program Files (x86)\Windows Kits\10\Include\10.0.26100.0\winrt\wrl\client.h(732,9):
          'bool dx3d::operator ==(const dx3d::D3D11_BOX &,const dx3d::D3D11_BOX &)': cannot convert argument 1 from 'const _GUID' to 'const dx3d::D3D11_BOX &'
              C:\Program Files (x86)\Windows Kits\10\Include\10.0.26100.0\winrt\wrl\client.h(732,9):
              Reason: cannot convert from 'const _GUID' to 'const dx3d::D3D11_BOX'
              C:\Program Files (x86)\Windows Kits\10\Include\10.0.26100.0\winrt\wrl\client.h(732,9):
              No user-defined-conversion operator available that can perform this conversion, or the operator cannot be called
      C:\Program Files (x86)\Windows Kits\10\Include\10.0.26100.0\winrt\wrl\client.h(732,9):
      while trying to match the argument list '(const dx3d::IID, const _GUID)'
  
C:\Program Files (x86)\Windows Kits\10\Include\10.0.26100.0\winrt\wrl\client.h(913,38): error C3083: 'Microsoft': the symbol to the left of a '::' must be a type
  (compiling source file 'ShaderBinary.cpp')
  
C:\Program Files (x86)\Windows Kits\10\Include\10.0.26100.0\winrt\wrl\client.h(913,49): error C3083: 'WRL': the symbol to the left of a '::' must be a type
  (compiling source file 'ShaderBinary.cpp')
  
C:\Program Files (x86)\Windows Kits\10\Include\10.0.26100.0\winrt\wrl\client.h(913,54): error C3083: 'Details': the symbol to the left of a '::' must be a type
  (compiling source file 'ShaderBinary.cpp')
  
C:\Program Files (x86)\Windows Kits\10\Include\10.0.26100.0\winrt\wrl\client.h(913,63): error C2039: 'ComPtrRef': is not a member of '`global namespace''
  (compiling source file 'ShaderBinary.cpp')
  
C:\Program Files (x86)\Windows Kits\10\Include\10.0.26100.0\winrt\wrl\client.h(913,63): error C7568: argument list missing after assumed function template 'ComPtrRef'
  (compiling source file 'ShaderBinary.cpp')
  
C:\Program Files (x86)\Windows Kits\10\Include\10.0.26100.0\winrt\wrl\client.h(913,27): error C2988: unrecognizable template declaration/definition
  (compiling source file 'ShaderBinary.cpp')
  
C:\Program Files (x86)\Windows Kits\10\Include\10.0.26100.0\winrt\wrl\client.h(913,27): error C2143: syntax error: missing ';' before '<parameter-list>'
  (compiling source file 'ShaderBinary.cpp')
  
C:\Program Files (x86)\Windows Kits\10\Include\10.0.26100.0\winrt\wrl\client.h(913,8): error C2365: 'dx3d::IID_PPV_ARGS_Helper': redefinition; previous definition was 'function'
  (compiling source file 'ShaderBinary.cpp')
      C:\Program Files (x86)\Windows Kits\10\Include\10.0.26100.0\um\combaseapi.h(202,84):
      see declaration of 'dx3d::IID_PPV_ARGS_Helper'
  
C:\Program Files (x86)\Windows Kits\10\Include\10.0.26100.0\winrt\wrl\client.h(913,27): error C2059: syntax error: '<parameter-list>'
  (compiling source file 'ShaderBinary.cpp')
  
C:\Program Files (x86)\Windows Kits\10\Include\10.0.26100.0\winrt\wrl\client.h(914,1): error C2143: syntax error: missing ';' before '{'
  (compiling source file 'ShaderBinary.cpp')
  
C:\Program Files (x86)\Windows Kits\10\Include\10.0.26100.0\winrt\wrl\client.h(914,1): error C2447: '{': missing function header (old-style formal list?)
  (compiling source file 'ShaderBinary.cpp')
  
C:\Program Files (x86)\Windows Kits\10\Include\10.0.26100.0\winrt\wrl\client.h(921,38): error C3083: 'Microsoft': the symbol to the left of a '::' must be a type
  (compiling source file 'ShaderBinary.cpp')
  
C:\Program Files (x86)\Windows Kits\10\Include\10.0.26100.0\winrt\wrl\client.h(921,49): error C3083: 'WRL': the symbol to the left of a '::' must be a type
  (compiling source file 'ShaderBinary.cpp')
  
C:\Program Files (x86)\Windows Kits\10\Include\10.0.26100.0\winrt\wrl\client.h(921,54): error C3083: 'Details': the symbol to the left of a '::' must be a type
  (compiling source file 'ShaderBinary.cpp')
  
C:\Program Files (x86)\Windows Kits\10\Include\10.0.26100.0\winrt\wrl\client.h(921,63): error C2039: 'ComPtrRef': is not a member of '`global namespace''
  (compiling source file 'ShaderBinary.cpp')
  
C:\Program Files (x86)\Windows Kits\10\Include\10.0.26100.0\winrt\wrl\client.h(921,63): error C7568: argument list missing after assumed function template 'ComPtrRef'
  (compiling source file 'ShaderBinary.cpp')
  
C:\Program Files (x86)\Windows Kits\10\Include\10.0.26100.0\winrt\wrl\client.h(921,27): error C2988: unrecognizable template declaration/definition
  (compiling source file 'ShaderBinary.cpp')
  
C:\Program Files (x86)\Windows Kits\10\Include\10.0.26100.0\winrt\wrl\client.h(921,27): error C2143: syntax error: missing ';' before '<parameter-list>'
  (compiling source file 'ShaderBinary.cpp')
  
C:\Program Files (x86)\Windows Kits\10\Include\10.0.26100.0\winrt\wrl\client.h(921,8): error C2365: 'dx3d::IID_INS_ARGS_Helper': redefinition; previous definition was 'function'
  (compiling source file 'ShaderBinary.cpp')
      C:\Program Files (x86)\Windows Kits\10\Include\10.0.26100.0\winrt\inspectable.h(215,84):
      see declaration of 'dx3d::IID_INS_ARGS_Helper'
  
C:\Program Files (x86)\Windows Kits\10\Include\10.0.26100.0\winrt\wrl\client.h(921,27): error C2059: syntax error: '<parameter-list>'
  (compiling source file 'ShaderBinary.cpp')
  
C:\Program Files (x86)\Windows Kits\10\Include\10.0.26100.0\winrt\wrl\client.h(922,1): error C2143: syntax error: missing ';' before '{'
  (compiling source file 'ShaderBinary.cpp')
  
C:\Program Files (x86)\Windows Kits\10\Include\10.0.26100.0\winrt\wrl\client.h(922,1): error C2447: '{': missing function header (old-style formal list?)
  (compiling source file 'ShaderBinary.cpp')
  
C:\Program Files (x86)\Windows Kits\10\Include\10.0.26100.0\winrt\wrl\client.h(934,23): error C3083: 'Microsoft': the symbol to the left of a '::' must be a type
  (compiling source file 'ShaderBinary.cpp')
  
C:\Program Files (x86)\Windows Kits\10\Include\10.0.26100.0\winrt\wrl\client.h(934,34): error C3083: 'WRL': the symbol to the left of a '::' must be a type
  (compiling source file 'ShaderBinary.cpp')
  
C:\Program Files (x86)\Windows Kits\10\Include\10.0.26100.0\winrt\wrl\client.h(934,39): error C3083: 'Details': the symbol to the left of a '::' must be a type
  (compiling source file 'ShaderBinary.cpp')
  
C:\Program Files (x86)\Windows Kits\10\Include\10.0.26100.0\winrt\wrl\client.h(934,48): error C2039: 'ComPtrRef': is not a member of '`global namespace''
  (compiling source file 'ShaderBinary.cpp')
  
C:\Program Files (x86)\Windows Kits\10\Include\10.0.26100.0\winrt\wrl\client.h(934,48): error C2061: syntax error: identifier 'ComPtrRef'
  (compiling source file 'ShaderBinary.cpp')
  
C:\Program Files (x86)\Windows Kits\10\Include\10.0.26100.0\winrt\wrl\client.h(936,57): error C3861: 'instance': identifier not found
  (compiling source file 'ShaderBinary.cpp')
  
C:\Program Files (x86)\Windows Kits\10\Include\10.0.26100.0\winrt\wrl\client.h(936,57): error C2065: 'instance': undeclared identifier
  (compiling source file 'ShaderBinary.cpp')
  
C:\Program Files (x86)\Windows Kits\10\Include\10.0.26100.0\winrt\wrl\client.h(942,23): error C3083: 'Microsoft': the symbol to the left of a '::' must be a type
  (compiling source file 'ShaderBinary.cpp')
  
C:\Program Files (x86)\Windows Kits\10\Include\10.0.26100.0\winrt\wrl\client.h(942,34): error C3083: 'WRL': the symbol to the left of a '::' must be a type
  (compiling source file 'ShaderBinary.cpp')
  
C:\Program Files (x86)\Windows Kits\10\Include\10.0.26100.0\winrt\wrl\client.h(942,39): error C3083: 'Details': the symbol to the left of a '::' must be a type
  (compiling source file 'ShaderBinary.cpp')
  
C:\Program Files (x86)\Windows Kits\10\Include\10.0.26100.0\winrt\wrl\client.h(942,48): error C2039: 'ComPtrRef': is not a member of '`global namespace''
  (compiling source file 'ShaderBinary.cpp')
  
C:\Program Files (x86)\Windows Kits\10\Include\10.0.26100.0\winrt\wrl\client.h(942,48): error C2061: syntax error: identifier 'ComPtrRef'
  (compiling source file 'ShaderBinary.cpp')
  
C:\Program Files (x86)\Windows Kits\10\Include\10.0.26100.0\winrt\wrl\client.h(944,61): error C3861: 'factory': identifier not found
  (compiling source file 'ShaderBinary.cpp')
  
C:\Program Files (x86)\Windows Kits\10\Include\10.0.26100.0\winrt\wrl\client.h(944,61): error C2065: 'factory': undeclared identifier
  (compiling source file 'ShaderBinary.cpp')
  
C:\Program Files (x86)\Windows Kits\10\Include\10.0.26100.0\winrt\wrl\client.h(958,27): error C3083: 'Microsoft': the symbol to the left of a '::' must be a type
  (compiling source file 'ShaderBinary.cpp')
  
C:\Program Files (x86)\Windows Kits\10\Include\10.0.26100.0\winrt\wrl\client.h(958,38): error C3083: 'WRL': the symbol to the left of a '::' must be a type
  (compiling source file 'ShaderBinary.cpp')
  
C:\Program Files (x86)\Windows Kits\10\Include\10.0.26100.0\winrt\wrl\client.h(958,43): error C3083: 'Details': the symbol to the left of a '::' must be a type
  (compiling source file 'ShaderBinary.cpp')
  
C:\Program Files (x86)\Windows Kits\10\Include\10.0.26100.0\winrt\wrl\client.h(958,52): error C2039: 'ComPtrRef': is not a member of '`global namespace''
  (compiling source file 'ShaderBinary.cpp')
  
C:\Program Files (x86)\Windows Kits\10\Include\10.0.26100.0\winrt\wrl\client.h(958,52): error C2061: syntax error: identifier 'ComPtrRef'
  (compiling source file 'ShaderBinary.cpp')
  
C:\Program Files (x86)\Windows Kits\10\Include\10.0.26100.0\winrt\wrl\client.h(960,61): error C3861: 'instance': identifier not found
  (compiling source file 'ShaderBinary.cpp')
  
C:\Program Files (x86)\Windows Kits\10\Include\10.0.26100.0\winrt\wrl\client.h(960,61): error C2065: 'instance': undeclared identifier
  (compiling source file 'ShaderBinary.cpp')
  
C:\Program Files (x86)\Windows Kits\10\Include\10.0.26100.0\winrt\wrl\client.h(966,27): error C3083: 'Microsoft': the symbol to the left of a '::' must be a type
  (compiling source file 'ShaderBinary.cpp')
  
C:\Program Files (x86)\Windows Kits\10\Include\10.0.26100.0\winrt\wrl\client.h(966,38): error C3083: 'WRL': the symbol to the left of a '::' must be a type
  (compiling source file 'ShaderBinary.cpp')
  
C:\Program Files (x86)\Windows Kits\10\Include\10.0.26100.0\winrt\wrl\client.h(966,43): error C3083: 'Details': the symbol to the left of a '::' must be a type
  (compiling source file 'ShaderBinary.cpp')
  
C:\Program Files (x86)\Windows Kits\10\Include\10.0.26100.0\winrt\wrl\client.h(966,52): error C2039: 'ComPtrRef': is not a member of '`global namespace''
  (compiling source file 'ShaderBinary.cpp')
  
C:\Program Files (x86)\Windows Kits\10\Include\10.0.26100.0\winrt\wrl\client.h(966,52): error C2061: syntax error: identifier 'ComPtrRef'
  (compiling source file 'ShaderBinary.cpp')
  
C:\Program Files (x86)\Windows Kits\10\Include\10.0.26100.0\winrt\wrl\client.h(968,65): error C3861: 'factory': identifier not found
  (compiling source file 'ShaderBinary.cpp')
  
C:\Program Files (x86)\Windows Kits\10\Include\10.0.26100.0\winrt\wrl\client.h(968,65): error C2065: 'factory': undeclared identifier
  (compiling source file 'ShaderBinary.cpp')
  
C:\Program Files (x86)\Windows Kits\10\Include\10.0.26100.0\winrt\roerrorapi.h(147,26): error C2039: 'RoGetErrorReportingFlags': is not a member of '`global namespace''
  (compiling source file 'ShaderBinary.cpp')
  
C:\Program Files (x86)\Windows Kits\10\Include\10.0.26100.0\winrt\roerrorapi.h(152,26): error C2039: 'RoSetErrorReportingFlags': is not a member of '`global namespace''
  (compiling source file 'ShaderBinary.cpp')
  
C:\Program Files (x86)\Windows Kits\10\Include\10.0.26100.0\winrt\roerrorapi.h(166,26): error C2039: 'RoOriginateErrorW': is not a member of '`global namespace''
  (compiling source file 'ShaderBinary.cpp')
  
C:\Program Files (x86)\Windows Kits\10\Include\10.0.26100.0\winrt\roerrorapi.h(176,26): error C2039: 'RoOriginateError': is not a member of '`global namespace''
  (compiling source file 'ShaderBinary.cpp')
  
C:\Program Files (x86)\Windows Kits\10\Include\10.0.26100.0\winrt\roerrorapi.h(190,26): error C2039: 'RoTransformErrorW': is not a member of '`global namespace''
  (compiling source file 'ShaderBinary.cpp')
  
C:\Program Files (x86)\Windows Kits\10\Include\10.0.26100.0\winrt\roerrorapi.h(201,26): error C2039: 'RoTransformError': is not a member of '`global namespace''
  (compiling source file 'ShaderBinary.cpp')
  
C:\Program Files (x86)\Windows Kits\10\Include\10.0.26100.0\winrt\roerrorapi.h(227,30): error C2039: 'RoGetErrorReportingFlags': is not a member of '`global namespace''
  (compiling source file 'ShaderBinary.cpp')
  
C:\Program Files (x86)\Windows Kits\10\Include\10.0.26100.0\winrt\roerrorapi.h(232,30): error C2039: 'RoSetErrorReportingFlags': is not a member of '`global namespace''
  (compiling source file 'ShaderBinary.cpp')
  
C:\Program Files (x86)\Windows Kits\10\Include\10.0.26100.0\winrt\roerrorapi.h(241,30): error C2039: 'RoOriginateErrorW': is not a member of '`global namespace''
  (compiling source file 'ShaderBinary.cpp')
  
C:\Program Files (x86)\Windows Kits\10\Include\10.0.26100.0\winrt\roerrorapi.h(246,30): error C2039: 'RoOriginateError': is not a member of '`global namespace''
  (compiling source file 'ShaderBinary.cpp')
  
C:\Program Files (x86)\Windows Kits\10\Include\10.0.26100.0\winrt\roerrorapi.h(254,30): error C2039: 'RoTransformErrorW': is not a member of '`global namespace''
  (compiling source file 'ShaderBinary.cpp')
  
C:\Program Files (x86)\Windows Kits\10\Include\10.0.26100.0\winrt\roerrorapi.h(259,30): error C2039: 'RoTransformError': is not a member of '`global namespace''
  (compiling source file 'ShaderBinary.cpp')
  
C:\Program Files (x86)\Windows Kits\10\Include\10.0.26100.0\winrt\wrl\internal.h(58,11): error C2039: 'RaiseException': is not a member of '`global namespace''
  (compiling source file 'DeviceContext.cpp')
  
C:\Program Files (x86)\Windows Kits\10\Include\10.0.26100.0\winrt\wrl\internal.h(58,11): error C2660: 'dx3d::Microsoft::WRL::Details::RaiseException': function does not take 4 arguments
  (compiling source file 'DeviceContext.cpp')
      C:\Program Files (x86)\Windows Kits\10\Include\10.0.26100.0\winrt\wrl\internal.h(56,38):
      see declaration of 'dx3d::Microsoft::WRL::Details::RaiseException'
      C:\Program Files (x86)\Windows Kits\10\Include\10.0.26100.0\winrt\wrl\internal.h(58,11):
      while trying to match the argument list '(dx3d::DWORD, dx3d::DWORD, int, int)'
  
C:\Program Files (x86)\Windows Kits\10\Include\10.0.26100.0\winrt\wrl\implements.h(294,13): error C2664: 'int dx3d::InlineIsEqualGUID(const dx3d::GUID &,const dx3d::GUID &)': cannot convert argument 2 from 'const _GUID' to 'const dx3d::GUID &'
  (compiling source file 'ShaderBinary.cpp')
      C:\Program Files (x86)\Windows Kits\10\Include\10.0.26100.0\winrt\wrl\implements.h(294,37):
      Reason: cannot convert from 'const _GUID' to 'const dx3d::GUID'
      C:\Program Files (x86)\Windows Kits\10\Include\10.0.26100.0\winrt\wrl\implements.h(294,37):
      No user-defined-conversion operator available that can perform this conversion, or the operator cannot be called
      C:\Program Files (x86)\Windows Kits\10\Include\10.0.26100.0\shared\guiddef.h(150,14):
      see declaration of 'dx3d::InlineIsEqualGUID'
      C:\Program Files (x86)\Windows Kits\10\Include\10.0.26100.0\winrt\wrl\implements.h(294,13):
      while trying to match the argument list '(const dx3d::IID, const _GUID)'
      C:\Program Files (x86)\Windows Kits\10\Include\10.0.26100.0\winrt\wrl\implements.h(294,30):
      'InlineIsEqualGUID': function declaration must be available as none of the arguments depend on a template parameter
      C:\Program Files (x86)\Windows Kits\10\Include\10.0.26100.0\winrt\wrl\implements.h(283,20):
      This diagnostic occurred in the compiler generated function 'dx3d::HRESULT dx3d::Microsoft::WRL::Details::RuntimeClassBaseT<RuntimeClassTypeT>::AsIID(T *,const dx3d::IID &,void **) noexcept'
      C:\Program Files (x86)\Windows Kits\10\Include\10.0.26100.0\winrt\wrl\implements.h(294,30):
      the template instantiation context (the oldest one first) is
          C:\Program Files (x86)\Windows Kits\10\Include\10.0.26100.0\winrt\wrl\implements.h(279,7):
          while compiling class template 'dx3d::Microsoft::WRL::Details::RuntimeClassBaseT'
  
C:\Program Files (x86)\Windows Kits\10\Include\10.0.26100.0\winrt\wrl\implements.h(294,97): error C2664: 'int dx3d::InlineIsEqualGUID(const dx3d::GUID &,const dx3d::GUID &)': cannot convert argument 2 from 'const _GUID' to 'const dx3d::GUID &'
  (compiling source file 'ShaderBinary.cpp')
      C:\Program Files (x86)\Windows Kits\10\Include\10.0.26100.0\winrt\wrl\implements.h(294,121):
      Reason: cannot convert from 'const _GUID' to 'const dx3d::GUID'
      C:\Program Files (x86)\Windows Kits\10\Include\10.0.26100.0\winrt\wrl\implements.h(294,121):
      No user-defined-conversion operator available that can perform this conversion, or the operator cannot be called
      C:\Program Files (x86)\Windows Kits\10\Include\10.0.26100.0\shared\guiddef.h(150,14):
      see declaration of 'dx3d::InlineIsEqualGUID'
      C:\Program Files (x86)\Windows Kits\10\Include\10.0.26100.0\winrt\wrl\implements.h(294,97):
      while trying to match the argument list '(const dx3d::IID, const _GUID)'
      C:\Program Files (x86)\Windows Kits\10\Include\10.0.26100.0\winrt\wrl\implements.h(294,114):
      'InlineIsEqualGUID': function declaration must be available as none of the arguments depend on a template parameter
      C:\Program Files (x86)\Windows Kits\10\Include\10.0.26100.0\winrt\wrl\implements.h(283,20):
      This diagnostic occurred in the compiler generated function 'dx3d::HRESULT dx3d::Microsoft::WRL::Details::RuntimeClassBaseT<RuntimeClassTypeT>::AsIID(T *,const dx3d::IID &,void **) noexcept'
  
C:\Program Files (x86)\Windows Kits\10\Include\10.0.26100.0\winrt\wrl\internal.h(58,11): error C2039: 'RaiseException': is not a member of '`global namespace''
  (compiling source file 'SwapChain.cpp')
  
C:\Program Files (x86)\Windows Kits\10\Include\10.0.26100.0\winrt\wrl\internal.h(58,11): error C2660: 'dx3d::Microsoft::WRL::Details::RaiseException': function does not take 4 arguments
  (compiling source file 'SwapChain.cpp')
      C:\Program Files (x86)\Windows Kits\10\Include\10.0.26100.0\winrt\wrl\internal.h(56,38):
      see declaration of 'dx3d::Microsoft::WRL::Details::RaiseException'
      C:\Program Files (x86)\Windows Kits\10\Include\10.0.26100.0\winrt\wrl\internal.h(58,11):
      while trying to match the argument list '(dx3d::DWORD, dx3d::DWORD, int, int)'
  
C:\Program Files (x86)\Windows Kits\10\Include\10.0.26100.0\winrt\wrl\client.h(587,9): error C2678: binary '!=': no operator found which takes a left-hand operand of type 'const _GUID' (or there is no acceptable conversion)
  (compiling source file 'DeviceContext.cpp')
      C:\Program Files (x86)\Windows Kits\10\Include\10.0.26100.0\um\d3d11.h(1373,13):
      could be 'bool dx3d::operator !=(const dx3d::D3D11_BOX &,const dx3d::D3D11_BOX &)'
          C:\Program Files (x86)\Windows Kits\10\Include\10.0.26100.0\winrt\wrl\client.h(587,9):
          'bool dx3d::operator !=(const dx3d::D3D11_BOX &,const dx3d::D3D11_BOX &)': cannot convert argument 1 from 'const dx3d::IID' to 'const dx3d::D3D11_BOX &'
              C:\Program Files (x86)\Windows Kits\10\Include\10.0.26100.0\winrt\wrl\client.h(587,9):
              Reason: cannot convert from 'const dx3d::IID' to 'const dx3d::D3D11_BOX'
              C:\Program Files (x86)\Windows Kits\10\Include\10.0.26100.0\winrt\wrl\client.h(587,9):
              No user-defined-conversion operator available that can perform this conversion, or the operator cannot be called
      C:\Program Files (x86)\Windows Kits\10\Include\10.0.26100.0\um\d3d11.h(1329,13):
      or       'bool dx3d::operator !=(const dx3d::D3D11_RECT &,const dx3d::D3D11_RECT &)'
          C:\Program Files (x86)\Windows Kits\10\Include\10.0.26100.0\winrt\wrl\client.h(587,9):
          'bool dx3d::operator !=(const dx3d::D3D11_RECT &,const dx3d::D3D11_RECT &)': cannot convert argument 1 from 'const dx3d::IID' to 'const dx3d::D3D11_RECT &'
              C:\Program Files (x86)\Windows Kits\10\Include\10.0.26100.0\winrt\wrl\client.h(587,9):
              Reason: cannot convert from 'const dx3d::IID' to 'const dx3d::D3D11_RECT'
              C:\Program Files (x86)\Windows Kits\10\Include\10.0.26100.0\winrt\wrl\client.h(587,9):
              No user-defined-conversion operator available that can perform this conversion, or the operator cannot be called
      C:\Program Files (x86)\Windows Kits\10\Include\10.0.26100.0\um\d3d11.h(1145,13):
      or       'bool dx3d::operator !=(const dx3d::D3D11_VIEWPORT &,const dx3d::D3D11_VIEWPORT &)'
          C:\Program Files (x86)\Windows Kits\10\Include\10.0.26100.0\winrt\wrl\client.h(587,9):
          'bool dx3d::operator !=(const dx3d::D3D11_VIEWPORT &,const dx3d::D3D11_VIEWPORT &)': cannot convert argument 1 from 'const dx3d::IID' to 'const dx3d::D3D11_VIEWPORT &'
              C:\Program Files (x86)\Windows Kits\10\Include\10.0.26100.0\winrt\wrl\client.h(587,9):
              Reason: cannot convert from 'const dx3d::IID' to 'const dx3d::D3D11_VIEWPORT'
              C:\Program Files (x86)\Windows Kits\10\Include\10.0.26100.0\winrt\wrl\client.h(587,9):
              No user-defined-conversion operator available that can perform this conversion, or the operator cannot be called
      C:\Program Files (x86)\Windows Kits\10\Include\10.0.26100.0\shared\guiddef.h(197,15):
      or       'bool dx3d::operator !=(const dx3d::GUID &,const dx3d::GUID &)'
          C:\Program Files (x86)\Windows Kits\10\Include\10.0.26100.0\winrt\wrl\client.h(587,9):
          'bool dx3d::operator !=(const dx3d::GUID &,const dx3d::GUID &)': cannot convert argument 2 from 'const _GUID' to 'const dx3d::GUID &'
              C:\Program Files (x86)\Windows Kits\10\Include\10.0.26100.0\winrt\wrl\client.h(587,9):
              Reason: cannot convert from 'const _GUID' to 'const dx3d::GUID'
              C:\Program Files (x86)\Windows Kits\10\Include\10.0.26100.0\winrt\wrl\client.h(587,9):
              No user-defined-conversion operator available that can perform this conversion, or the operator cannot be called
      C:\Program Files (x86)\Windows Kits\10\Include\10.0.26100.0\shared\guiddef.h(192,15):
      or 'bool dx3d::operator ==(const dx3d::GUID &,const dx3d::GUID &)' [rewritten expression '!(x == y)']
          C:\Program Files (x86)\Windows Kits\10\Include\10.0.26100.0\winrt\wrl\client.h(587,9):
          'bool dx3d::operator ==(const dx3d::GUID &,const dx3d::GUID &)': cannot convert argument 2 from 'const _GUID' to 'const dx3d::GUID &'
              C:\Program Files (x86)\Windows Kits\10\Include\10.0.26100.0\winrt\wrl\client.h(587,9):
              Reason: cannot convert from 'const _GUID' to 'const dx3d::GUID'
              C:\Program Files (x86)\Windows Kits\10\Include\10.0.26100.0\winrt\wrl\client.h(587,9):
              No user-defined-conversion operator available that can perform this conversion, or the operator cannot be called
      C:\Program Files (x86)\Windows Kits\10\Include\10.0.26100.0\um\d3d11.h(1140,13):
      or 'bool dx3d::operator ==(const dx3d::D3D11_VIEWPORT &,const dx3d::D3D11_VIEWPORT &)' [rewritten expression '!(x == y)']
          C:\Program Files (x86)\Windows Kits\10\Include\10.0.26100.0\winrt\wrl\client.h(587,9):
          'bool dx3d::operator ==(const dx3d::D3D11_VIEWPORT &,const dx3d::D3D11_VIEWPORT &)': cannot convert argument 1 from 'const dx3d::IID' to 'const dx3d::D3D11_VIEWPORT &'
              C:\Program Files (x86)\Windows Kits\10\Include\10.0.26100.0\winrt\wrl\client.h(587,9):
              Reason: cannot convert from 'const dx3d::IID' to 'const dx3d::D3D11_VIEWPORT'
              C:\Program Files (x86)\Windows Kits\10\Include\10.0.26100.0\winrt\wrl\client.h(587,9):
              No user-defined-conversion operator available that can perform this conversion, or the operator cannot be called
      C:\Program Files (x86)\Windows Kits\10\Include\10.0.26100.0\um\d3d11.h(1324,13):
      or 'bool dx3d::operator ==(const dx3d::D3D11_RECT &,const dx3d::D3D11_RECT &)' [rewritten expression '!(x == y)']
          C:\Program Files (x86)\Windows Kits\10\Include\10.0.26100.0\winrt\wrl\client.h(587,9):
          'bool dx3d::operator ==(const dx3d::D3D11_RECT &,const dx3d::D3D11_RECT &)': cannot convert argument 1 from 'const dx3d::IID' to 'const dx3d::D3D11_RECT &'
              C:\Program Files (x86)\Windows Kits\10\Include\10.0.26100.0\winrt\wrl\client.h(587,9):
              Reason: cannot convert from 'const dx3d::IID' to 'const dx3d::D3D11_RECT'
              C:\Program Files (x86)\Windows Kits\10\Include\10.0.26100.0\winrt\wrl\client.h(587,9):
              No user-defined-conversion operator available that can perform this conversion, or the operator cannot be called
      C:\Program Files (x86)\Windows Kits\10\Include\10.0.26100.0\um\d3d11.h(1368,13):
      or 'bool dx3d::operator ==(const dx3d::D3D11_BOX &,const dx3d::D3D11_BOX &)' [rewritten expression '!(x == y)']
          C:\Program Files (x86)\Windows Kits\10\Include\10.0.26100.0\winrt\wrl\client.h(587,9):
          'bool dx3d::operator ==(const dx3d::D3D11_BOX &,const dx3d::D3D11_BOX &)': cannot convert argument 1 from 'const dx3d::IID' to 'const dx3d::D3D11_BOX &'
              C:\Program Files (x86)\Windows Kits\10\Include\10.0.26100.0\winrt\wrl\client.h(587,9):
              Reason: cannot convert from 'const dx3d::IID' to 'const dx3d::D3D11_BOX'
              C:\Program Files (x86)\Windows Kits\10\Include\10.0.26100.0\winrt\wrl\client.h(587,9):
              No user-defined-conversion operator available that can perform this conversion, or the operator cannot be called
      C:\Program Files (x86)\Windows Kits\10\Include\10.0.26100.0\shared\guiddef.h(192,15):
      or 'bool dx3d::operator ==(const dx3d::GUID &,const dx3d::GUID &)' [synthesized expression '!(y == x)']
          C:\Program Files (x86)\Windows Kits\10\Include\10.0.26100.0\winrt\wrl\client.h(587,9):
          'bool dx3d::operator ==(const dx3d::GUID &,const dx3d::GUID &)': cannot convert argument 1 from 'const _GUID' to 'const dx3d::GUID &'
              C:\Program Files (x86)\Windows Kits\10\Include\10.0.26100.0\winrt\wrl\client.h(587,9):
              Reason: cannot convert from 'const _GUID' to 'const dx3d::GUID'
              C:\Program Files (x86)\Windows Kits\10\Include\10.0.26100.0\winrt\wrl\client.h(587,9):
              No user-defined-conversion operator available that can perform this conversion, or the operator cannot be called
      C:\Program Files (x86)\Windows Kits\10\Include\10.0.26100.0\um\d3d11.h(1140,13):
      or 'bool dx3d::operator ==(const dx3d::D3D11_VIEWPORT &,const dx3d::D3D11_VIEWPORT &)' [synthesized expression '!(y == x)']
          C:\Program Files (x86)\Windows Kits\10\Include\10.0.26100.0\winrt\wrl\client.h(587,9):
          'bool dx3d::operator ==(const dx3d::D3D11_VIEWPORT &,const dx3d::D3D11_VIEWPORT &)': cannot convert argument 1 from 'const _GUID' to 'const dx3d::D3D11_VIEWPORT &'
              C:\Program Files (x86)\Windows Kits\10\Include\10.0.26100.0\winrt\wrl\client.h(587,9):
              Reason: cannot convert from 'const _GUID' to 'const dx3d::D3D11_VIEWPORT'
              C:\Program Files (x86)\Windows Kits\10\Include\10.0.26100.0\winrt\wrl\client.h(587,9):
              No user-defined-conversion operator available that can perform this conversion, or the operator cannot be called
      C:\Program Files (x86)\Windows Kits\10\Include\10.0.26100.0\um\d3d11.h(1324,13):
      or 'bool dx3d::operator ==(const dx3d::D3D11_RECT &,const dx3d::D3D11_RECT &)' [synthesized expression '!(y == x)']
          C:\Program Files (x86)\Windows Kits\10\Include\10.0.26100.0\winrt\wrl\client.h(587,9):
          'bool dx3d::operator ==(const dx3d::D3D11_RECT &,const dx3d::D3D11_RECT &)': cannot convert argument 1 from 'const _GUID' to 'const dx3d::D3D11_RECT &'
              C:\Program Files (x86)\Windows Kits\10\Include\10.0.26100.0\winrt\wrl\client.h(587,9):
              Reason: cannot convert from 'const _GUID' to 'const dx3d::D3D11_RECT'
              C:\Program Files (x86)\Windows Kits\10\Include\10.0.26100.0\winrt\wrl\client.h(587,9):
              No user-defined-conversion operator available that can perform this conversion, or the operator cannot be called
      C:\Program Files (x86)\Windows Kits\10\Include\10.0.26100.0\um\d3d11.h(1368,13):
      or 'bool dx3d::operator ==(const dx3d::D3D11_BOX &,const dx3d::D3D11_BOX &)' [synthesized expression '!(y == x)']
          C:\Program Files (x86)\Windows Kits\10\Include\10.0.26100.0\winrt\wrl\client.h(587,9):
          'bool dx3d::operator ==(const dx3d::D3D11_BOX &,const dx3d::D3D11_BOX &)': cannot convert argument 1 from 'const _GUID' to 'const dx3d::D3D11_BOX &'
              C:\Program Files (x86)\Windows Kits\10\Include\10.0.26100.0\winrt\wrl\client.h(587,9):
              Reason: cannot convert from 'const _GUID' to 'const dx3d::D3D11_BOX'
              C:\Program Files (x86)\Windows Kits\10\Include\10.0.26100.0\winrt\wrl\client.h(587,9):
              No user-defined-conversion operator available that can perform this conversion, or the operator cannot be called
      C:\Program Files (x86)\Windows Kits\10\Include\10.0.26100.0\winrt\wrl\client.h(587,9):
      while trying to match the argument list '(const dx3d::IID, const _GUID)'
  
C:\Program Files (x86)\Windows Kits\10\Include\10.0.26100.0\winrt\wrl\client.h(594,9): error C2678: binary '!=': no operator found which takes a left-hand operand of type 'const _GUID' (or there is no acceptable conversion)
  (compiling source file 'DeviceContext.cpp')
      C:\Program Files (x86)\Windows Kits\10\Include\10.0.26100.0\um\d3d11.h(1373,13):
      could be 'bool dx3d::operator !=(const dx3d::D3D11_BOX &,const dx3d::D3D11_BOX &)'
          C:\Program Files (x86)\Windows Kits\10\Include\10.0.26100.0\winrt\wrl\client.h(594,9):
          'bool dx3d::operator !=(const dx3d::D3D11_BOX &,const dx3d::D3D11_BOX &)': cannot convert argument 1 from 'const dx3d::IID' to 'const dx3d::D3D11_BOX &'
              C:\Program Files (x86)\Windows Kits\10\Include\10.0.26100.0\winrt\wrl\client.h(594,9):
              Reason: cannot convert from 'const dx3d::IID' to 'const dx3d::D3D11_BOX'
              C:\Program Files (x86)\Windows Kits\10\Include\10.0.26100.0\winrt\wrl\client.h(594,9):
              No user-defined-conversion operator available that can perform this conversion, or the operator cannot be called
      C:\Program Files (x86)\Windows Kits\10\Include\10.0.26100.0\um\d3d11.h(1329,13):
      or       'bool dx3d::operator !=(const dx3d::D3D11_RECT &,const dx3d::D3D11_RECT &)'
          C:\Program Files (x86)\Windows Kits\10\Include\10.0.26100.0\winrt\wrl\client.h(594,9):
          'bool dx3d::operator !=(const dx3d::D3D11_RECT &,const dx3d::D3D11_RECT &)': cannot convert argument 1 from 'const dx3d::IID' to 'const dx3d::D3D11_RECT &'
              C:\Program Files (x86)\Windows Kits\10\Include\10.0.26100.0\winrt\wrl\client.h(594,9):
              Reason: cannot convert from 'const dx3d::IID' to 'const dx3d::D3D11_RECT'
              C:\Program Files (x86)\Windows Kits\10\Include\10.0.26100.0\winrt\wrl\client.h(594,9):
              No user-defined-conversion operator available that can perform this conversion, or the operator cannot be called
      C:\Program Files (x86)\Windows Kits\10\Include\10.0.26100.0\um\d3d11.h(1145,13):
      or       'bool dx3d::operator !=(const dx3d::D3D11_VIEWPORT &,const dx3d::D3D11_VIEWPORT &)'
          C:\Program Files (x86)\Windows Kits\10\Include\10.0.26100.0\winrt\wrl\client.h(594,9):
          'bool dx3d::operator !=(const dx3d::D3D11_VIEWPORT &,const dx3d::D3D11_VIEWPORT &)': cannot convert argument 1 from 'const dx3d::IID' to 'const dx3d::D3D11_VIEWPORT &'
              C:\Program Files (x86)\Windows Kits\10\Include\10.0.26100.0\winrt\wrl\client.h(594,9):
              Reason: cannot convert from 'const dx3d::IID' to 'const dx3d::D3D11_VIEWPORT'
              C:\Program Files (x86)\Windows Kits\10\Include\10.0.26100.0\winrt\wrl\client.h(594,9):
              No user-defined-conversion operator available that can perform this conversion, or the operator cannot be called
      C:\Program Files (x86)\Windows Kits\10\Include\10.0.26100.0\shared\guiddef.h(197,15):
      or       'bool dx3d::operator !=(const dx3d::GUID &,const dx3d::GUID &)'
          C:\Program Files (x86)\Windows Kits\10\Include\10.0.26100.0\winrt\wrl\client.h(594,9):
          'bool dx3d::operator !=(const dx3d::GUID &,const dx3d::GUID &)': cannot convert argument 2 from 'const _GUID' to 'const dx3d::GUID &'
              C:\Program Files (x86)\Windows Kits\10\Include\10.0.26100.0\winrt\wrl\client.h(594,9):
              Reason: cannot convert from 'const _GUID' to 'const dx3d::GUID'
              C:\Program Files (x86)\Windows Kits\10\Include\10.0.26100.0\winrt\wrl\client.h(594,9):
              No user-defined-conversion operator available that can perform this conversion, or the operator cannot be called
      C:\Program Files (x86)\Windows Kits\10\Include\10.0.26100.0\shared\guiddef.h(192,15):
      or 'bool dx3d::operator ==(const dx3d::GUID &,const dx3d::GUID &)' [rewritten expression '!(x == y)']
          C:\Program Files (x86)\Windows Kits\10\Include\10.0.26100.0\winrt\wrl\client.h(594,9):
          'bool dx3d::operator ==(const dx3d::GUID &,const dx3d::GUID &)': cannot convert argument 2 from 'const _GUID' to 'const dx3d::GUID &'
              C:\Program Files (x86)\Windows Kits\10\Include\10.0.26100.0\winrt\wrl\client.h(594,9):
              Reason: cannot convert from 'const _GUID' to 'const dx3d::GUID'
              C:\Program Files (x86)\Windows Kits\10\Include\10.0.26100.0\winrt\wrl\client.h(594,9):
              No user-defined-conversion operator available that can perform this conversion, or the operator cannot be called
      C:\Program Files (x86)\Windows Kits\10\Include\10.0.26100.0\um\d3d11.h(1140,13):
      or 'bool dx3d::operator ==(const dx3d::D3D11_VIEWPORT &,const dx3d::D3D11_VIEWPORT &)' [rewritten expression '!(x == y)']
          C:\Program Files (x86)\Windows Kits\10\Include\10.0.26100.0\winrt\wrl\client.h(594,9):
          'bool dx3d::operator ==(const dx3d::D3D11_VIEWPORT &,const dx3d::D3D11_VIEWPORT &)': cannot convert argument 1 from 'const dx3d::IID' to 'const dx3d::D3D11_VIEWPORT &'
              C:\Program Files (x86)\Windows Kits\10\Include\10.0.26100.0\winrt\wrl\client.h(594,9):
              Reason: cannot convert from 'const dx3d::IID' to 'const dx3d::D3D11_VIEWPORT'
              C:\Program Files (x86)\Windows Kits\10\Include\10.0.26100.0\winrt\wrl\client.h(594,9):
              No user-defined-conversion operator available that can perform this conversion, or the operator cannot be called
      C:\Program Files (x86)\Windows Kits\10\Include\10.0.26100.0\um\d3d11.h(1324,13):
      or 'bool dx3d::operator ==(const dx3d::D3D11_RECT &,const dx3d::D3D11_RECT &)' [rewritten expression '!(x == y)']
          C:\Program Files (x86)\Windows Kits\10\Include\10.0.26100.0\winrt\wrl\client.h(594,9):
          'bool dx3d::operator ==(const dx3d::D3D11_RECT &,const dx3d::D3D11_RECT &)': cannot convert argument 1 from 'const dx3d::IID' to 'const dx3d::D3D11_RECT &'
              C:\Program Files (x86)\Windows Kits\10\Include\10.0.26100.0\winrt\wrl\client.h(594,9):
              Reason: cannot convert from 'const dx3d::IID' to 'const dx3d::D3D11_RECT'
              C:\Program Files (x86)\Windows Kits\10\Include\10.0.26100.0\winrt\wrl\client.h(594,9):
              No user-defined-conversion operator available that can perform this conversion, or the operator cannot be called
      C:\Program Files (x86)\Windows Kits\10\Include\10.0.26100.0\um\d3d11.h(1368,13):
      or 'bool dx3d::operator ==(const dx3d::D3D11_BOX &,const dx3d::D3D11_BOX &)' [rewritten expression '!(x == y)']
          C:\Program Files (x86)\Windows Kits\10\Include\10.0.26100.0\winrt\wrl\client.h(594,9):
          'bool dx3d::operator ==(const dx3d::D3D11_BOX &,const dx3d::D3D11_BOX &)': cannot convert argument 1 from 'const dx3d::IID' to 'const dx3d::D3D11_BOX &'
              C:\Program Files (x86)\Windows Kits\10\Include\10.0.26100.0\winrt\wrl\client.h(594,9):
              Reason: cannot convert from 'const dx3d::IID' to 'const dx3d::D3D11_BOX'
              C:\Program Files (x86)\Windows Kits\10\Include\10.0.26100.0\winrt\wrl\client.h(594,9):
              No user-defined-conversion operator available that can perform this conversion, or the operator cannot be called
      C:\Program Files (x86)\Windows Kits\10\Include\10.0.26100.0\shared\guiddef.h(192,15):
      or 'bool dx3d::operator ==(const dx3d::GUID &,const dx3d::GUID &)' [synthesized expression '!(y == x)']
          C:\Program Files (x86)\Windows Kits\10\Include\10.0.26100.0\winrt\wrl\client.h(594,9):
          'bool dx3d::operator ==(const dx3d::GUID &,const dx3d::GUID &)': cannot convert argument 1 from 'const _GUID' to 'const dx3d::GUID &'
              C:\Program Files (x86)\Windows Kits\10\Include\10.0.26100.0\winrt\wrl\client.h(594,9):
              Reason: cannot convert from 'const _GUID' to 'const dx3d::GUID'
              C:\Program Files (x86)\Windows Kits\10\Include\10.0.26100.0\winrt\wrl\client.h(594,9):
              No user-defined-conversion operator available that can perform this conversion, or the operator cannot be called
      C:\Program Files (x86)\Windows Kits\10\Include\10.0.26100.0\um\d3d11.h(1140,13):
      or 'bool dx3d::operator ==(const dx3d::D3D11_VIEWPORT &,const dx3d::D3D11_VIEWPORT &)' [synthesized expression '!(y == x)']
          C:\Program Files (x86)\Windows Kits\10\Include\10.0.26100.0\winrt\wrl\client.h(594,9):
          'bool dx3d::operator ==(const dx3d::D3D11_VIEWPORT &,const dx3d::D3D11_VIEWPORT &)': cannot convert argument 1 from 'const _GUID' to 'const dx3d::D3D11_VIEWPORT &'
              C:\Program Files (x86)\Windows Kits\10\Include\10.0.26100.0\winrt\wrl\client.h(594,9):
              Reason: cannot convert from 'const _GUID' to 'const dx3d::D3D11_VIEWPORT'
              C:\Program Files (x86)\Windows Kits\10\Include\10.0.26100.0\winrt\wrl\client.h(594,9):
              No user-defined-conversion operator available that can perform this conversion, or the operator cannot be called
      C:\Program Files (x86)\Windows Kits\10\Include\10.0.26100.0\um\d3d11.h(1324,13):
      or 'bool dx3d::operator ==(const dx3d::D3D11_RECT &,const dx3d::D3D11_RECT &)' [synthesized expression '!(y == x)']
          C:\Program Files (x86)\Windows Kits\10\Include\10.0.26100.0\winrt\wrl\client.h(594,9):
          'bool dx3d::operator ==(const dx3d::D3D11_RECT &,const dx3d::D3D11_RECT &)': cannot convert argument 1 from 'const _GUID' to 'const dx3d::D3D11_RECT &'
              C:\Program Files (x86)\Windows Kits\10\Include\10.0.26100.0\winrt\wrl\client.h(594,9):
              Reason: cannot convert from 'const _GUID' to 'const dx3d::D3D11_RECT'
              C:\Program Files (x86)\Windows Kits\10\Include\10.0.26100.0\winrt\wrl\client.h(594,9):
              No user-defined-conversion operator available that can perform this conversion, or the operator cannot be called
      C:\Program Files (x86)\Windows Kits\10\Include\10.0.26100.0\um\d3d11.h(1368,13):
      or 'bool dx3d::operator ==(const dx3d::D3D11_BOX &,const dx3d::D3D11_BOX &)' [synthesized expression '!(y == x)']
          C:\Program Files (x86)\Windows Kits\10\Include\10.0.26100.0\winrt\wrl\client.h(594,9):
          'bool dx3d::operator ==(const dx3d::D3D11_BOX &,const dx3d::D3D11_BOX &)': cannot convert argument 1 from 'const _GUID' to 'const dx3d::D3D11_BOX &'
              C:\Program Files (x86)\Windows Kits\10\Include\10.0.26100.0\winrt\wrl\client.h(594,9):
              Reason: cannot convert from 'const _GUID' to 'const dx3d::D3D11_BOX'
              C:\Program Files (x86)\Windows Kits\10\Include\10.0.26100.0\winrt\wrl\client.h(594,9):
              No user-defined-conversion operator available that can perform this conversion, or the operator cannot be called
      C:\Program Files (x86)\Windows Kits\10\Include\10.0.26100.0\winrt\wrl\client.h(594,9):
      while trying to match the argument list '(const dx3d::IID, const _GUID)'
  
C:\Program Files (x86)\Windows Kits\10\Include\10.0.26100.0\winrt\wrl\implements.h(1340,11): error C3083: 'Microsoft': the symbol to the left of a '::' must be a type
  (compiling source file 'ShaderBinary.cpp')
  
C:\Program Files (x86)\Windows Kits\10\Include\10.0.26100.0\winrt\wrl\implements.h(1340,22): error C3083: 'WRL': the symbol to the left of a '::' must be a type
  (compiling source file 'ShaderBinary.cpp')
  
C:\Program Files (x86)\Windows Kits\10\Include\10.0.26100.0\winrt\wrl\implements.h(1340,27): error C2039: 'RuntimeClassFlags': is not a member of '`global namespace''
  (compiling source file 'ShaderBinary.cpp')
  
C:\Program Files (x86)\Windows Kits\10\Include\10.0.26100.0\winrt\wrl\implements.h(1340,27): error C2275: 'dx3d::Microsoft::WRL::RuntimeClassFlags': expected an expression instead of a type
  (compiling source file 'ShaderBinary.cpp')
  
C:\Program Files (x86)\Windows Kits\10\Include\10.0.26100.0\winrt\wrl\implements.h(1339,12): error C2974: 'dx3d::Microsoft::WRL::Implements': invalid template argument for 'I0', type expected
  (compiling source file 'ShaderBinary.cpp')
      C:\Program Files (x86)\Windows Kits\10\Include\10.0.26100.0\winrt\wrl\implements.h(1270,29):
      see declaration of 'dx3d::Microsoft::WRL::Implements'
  
C:\Program Files (x86)\Windows Kits\10\Include\10.0.26100.0\winrt\wrl\implements.h(1339,12): error C2955: 'dx3d::Microsoft::WRL::Implements': use of class template requires template argument list
  (compiling source file 'ShaderBinary.cpp')
      C:\Program Files (x86)\Windows Kits\10\Include\10.0.26100.0\winrt\wrl\implements.h(1270,29):
      see declaration of 'dx3d::Microsoft::WRL::Implements'
  
C:\Program Files (x86)\Windows Kits\10\Include\10.0.26100.0\winrt\wrl\implements.h(1341,11): error C3083: 'Microsoft': the symbol to the left of a '::' must be a type
  (compiling source file 'ShaderBinary.cpp')
  
C:\Program Files (x86)\Windows Kits\10\Include\10.0.26100.0\winrt\wrl\implements.h(1341,22): error C3083: 'WRL': the symbol to the left of a '::' must be a type
  (compiling source file 'ShaderBinary.cpp')
  
C:\Program Files (x86)\Windows Kits\10\Include\10.0.26100.0\winrt\wrl\implements.h(1341,27): error C2039: 'CloakedIid': is not a member of '`global namespace''
  (compiling source file 'ShaderBinary.cpp')
  
C:\Program Files (x86)\Windows Kits\10\Include\10.0.26100.0\winrt\wrl\implements.h(1341,27): error C2955: 'dx3d::Microsoft::WRL::CloakedIid': use of class template requires template argument list
  (compiling source file 'ShaderBinary.cpp')
      C:\Program Files (x86)\Windows Kits\10\Include\10.0.26100.0\winrt\wrl\implements.h(63,8):
      see declaration of 'dx3d::Microsoft::WRL::CloakedIid'
  
C:\Program Files (x86)\Windows Kits\10\Include\10.0.26100.0\winrt\wrl\implements.h(1341,37): error C2143: syntax error: missing ',' before '<'
  (compiling source file 'ShaderBinary.cpp')
  
C:\Program Files (x86)\Windows Kits\10\Include\10.0.26100.0\winrt\wrl\implements.h(1341,41): error C2039: 'IMarshal': is not a member of '`global namespace''
  (compiling source file 'ShaderBinary.cpp')
  
C:\Program Files (x86)\Windows Kits\10\Include\10.0.26100.0\winrt\wrl\implements.h(1343,15): error C3083: 'Microsoft': the symbol to the left of a '::' must be a type
  (compiling source file 'ShaderBinary.cpp')
  
C:\Program Files (x86)\Windows Kits\10\Include\10.0.26100.0\winrt\wrl\implements.h(1343,26): error C3083: 'WRL': the symbol to the left of a '::' must be a type
  (compiling source file 'ShaderBinary.cpp')
  
C:\Program Files (x86)\Windows Kits\10\Include\10.0.26100.0\winrt\wrl\implements.h(1343,31): error C3083: 'Details': the symbol to the left of a '::' must be a type
  (compiling source file 'ShaderBinary.cpp')
  
C:\Program Files (x86)\Windows Kits\10\Include\10.0.26100.0\winrt\wrl\implements.h(1343,40): error C2039: 'FtmBaseMarker': is not a member of '`global namespace''
  (compiling source file 'ShaderBinary.cpp')
  
C:\Program Files (x86)\Windows Kits\10\Include\10.0.26100.0\winrt\wrl\implements.h(1347,9): error C3083: 'Microsoft': the symbol to the left of a '::' must be a type
  (compiling source file 'ShaderBinary.cpp')
  
C:\Program Files (x86)\Windows Kits\10\Include\10.0.26100.0\winrt\wrl\implements.h(1347,20): error C3083: 'WRL': the symbol to the left of a '::' must be a type
  (compiling source file 'ShaderBinary.cpp')
  
C:\Program Files (x86)\Windows Kits\10\Include\10.0.26100.0\winrt\wrl\implements.h(1347,25): error C2039: 'RuntimeClassFlags': is not a member of '`global namespace''
  (compiling source file 'ShaderBinary.cpp')
  
C:\Program Files (x86)\Windows Kits\10\Include\10.0.26100.0\winrt\wrl\implements.h(1347,25): error C2275: 'dx3d::Microsoft::WRL::RuntimeClassFlags': expected an expression instead of a type
  (compiling source file 'ShaderBinary.cpp')
  
C:\Program Files (x86)\Windows Kits\10\Include\10.0.26100.0\winrt\wrl\implements.h(1346,19): error C2974: 'dx3d::Microsoft::WRL::Implements': invalid template argument for 'I0', type expected
  (compiling source file 'ShaderBinary.cpp')
      C:\Program Files (x86)\Windows Kits\10\Include\10.0.26100.0\winrt\wrl\implements.h(1270,29):
      see declaration of 'dx3d::Microsoft::WRL::Implements'
  
C:\Program Files (x86)\Windows Kits\10\Include\10.0.26100.0\winrt\wrl\implements.h(1347,62): error C2143: syntax error: missing ';' before ','
  (compiling source file 'ShaderBinary.cpp')
  
C:\Program Files (x86)\Windows Kits\10\Include\10.0.26100.0\winrt\wrl\implements.h(1347,62): error C2059: syntax error: ','
  (compiling source file 'ShaderBinary.cpp')
  
C:\Program Files (x86)\Windows Kits\10\Include\10.0.26100.0\winrt\wrl\implements.h(1347,62): error C1003: error count exceeds 100; stopping compilation
  (compiling source file 'ShaderBinary.cpp')
  
C:\Program Files (x86)\Windows Kits\10\Include\10.0.26100.0\winrt\wrl\client.h(587,9): error C2678: binary '!=': no operator found which takes a left-hand operand of type 'const _GUID' (or there is no acceptable conversion)
  (compiling source file 'SwapChain.cpp')
      C:\Program Files (x86)\Windows Kits\10\Include\10.0.26100.0\um\d3d11.h(1373,13):
      could be 'bool dx3d::operator !=(const dx3d::D3D11_BOX &,const dx3d::D3D11_BOX &)'
          C:\Program Files (x86)\Windows Kits\10\Include\10.0.26100.0\winrt\wrl\client.h(587,9):
          'bool dx3d::operator !=(const dx3d::D3D11_BOX &,const dx3d::D3D11_BOX &)': cannot convert argument 1 from 'const dx3d::IID' to 'const dx3d::D3D11_BOX &'
              C:\Program Files (x86)\Windows Kits\10\Include\10.0.26100.0\winrt\wrl\client.h(587,9):
              Reason: cannot convert from 'const dx3d::IID' to 'const dx3d::D3D11_BOX'
              C:\Program Files (x86)\Windows Kits\10\Include\10.0.26100.0\winrt\wrl\client.h(587,9):
              No user-defined-conversion operator available that can perform this conversion, or the operator cannot be called
      C:\Program Files (x86)\Windows Kits\10\Include\10.0.26100.0\um\d3d11.h(1329,13):
      or       'bool dx3d::operator !=(const dx3d::D3D11_RECT &,const dx3d::D3D11_RECT &)'
          C:\Program Files (x86)\Windows Kits\10\Include\10.0.26100.0\winrt\wrl\client.h(587,9):
          'bool dx3d::operator !=(const dx3d::D3D11_RECT &,const dx3d::D3D11_RECT &)': cannot convert argument 1 from 'const dx3d::IID' to 'const dx3d::D3D11_RECT &'
              C:\Program Files (x86)\Windows Kits\10\Include\10.0.26100.0\winrt\wrl\client.h(587,9):
              Reason: cannot convert from 'const dx3d::IID' to 'const dx3d::D3D11_RECT'
              C:\Program Files (x86)\Windows Kits\10\Include\10.0.26100.0\winrt\wrl\client.h(587,9):
              No user-defined-conversion operator available that can perform this conversion, or the operator cannot be called
      C:\Program Files (x86)\Windows Kits\10\Include\10.0.26100.0\um\d3d11.h(1145,13):
      or       'bool dx3d::operator !=(const dx3d::D3D11_VIEWPORT &,const dx3d::D3D11_VIEWPORT &)'
          C:\Program Files (x86)\Windows Kits\10\Include\10.0.26100.0\winrt\wrl\client.h(587,9):
          'bool dx3d::operator !=(const dx3d::D3D11_VIEWPORT &,const dx3d::D3D11_VIEWPORT &)': cannot convert argument 1 from 'const dx3d::IID' to 'const dx3d::D3D11_VIEWPORT &'
              C:\Program Files (x86)\Windows Kits\10\Include\10.0.26100.0\winrt\wrl\client.h(587,9):
              Reason: cannot convert from 'const dx3d::IID' to 'const dx3d::D3D11_VIEWPORT'
              C:\Program Files (x86)\Windows Kits\10\Include\10.0.26100.0\winrt\wrl\client.h(587,9):
              No user-defined-conversion operator available that can perform this conversion, or the operator cannot be called
      C:\Program Files (x86)\Windows Kits\10\Include\10.0.26100.0\shared\guiddef.h(197,15):
      or       'bool dx3d::operator !=(const dx3d::GUID &,const dx3d::GUID &)'
          C:\Program Files (x86)\Windows Kits\10\Include\10.0.26100.0\winrt\wrl\client.h(587,9):
          'bool dx3d::operator !=(const dx3d::GUID &,const dx3d::GUID &)': cannot convert argument 2 from 'const _GUID' to 'const dx3d::GUID &'
              C:\Program Files (x86)\Windows Kits\10\Include\10.0.26100.0\winrt\wrl\client.h(587,9):
              Reason: cannot convert from 'const _GUID' to 'const dx3d::GUID'
              C:\Program Files (x86)\Windows Kits\10\Include\10.0.26100.0\winrt\wrl\client.h(587,9):
              No user-defined-conversion operator available that can perform this conversion, or the operator cannot be called
      C:\Program Files (x86)\Windows Kits\10\Include\10.0.26100.0\shared\guiddef.h(192,15):
      or 'bool dx3d::operator ==(const dx3d::GUID &,const dx3d::GUID &)' [rewritten expression '!(x == y)']
          C:\Program Files (x86)\Windows Kits\10\Include\10.0.26100.0\winrt\wrl\client.h(587,9):
          'bool dx3d::operator ==(const dx3d::GUID &,const dx3d::GUID &)': cannot convert argument 2 from 'const _GUID' to 'const dx3d::GUID &'
              C:\Program Files (x86)\Windows Kits\10\Include\10.0.26100.0\winrt\wrl\client.h(587,9):
              Reason: cannot convert from 'const _GUID' to 'const dx3d::GUID'
              C:\Program Files (x86)\Windows Kits\10\Include\10.0.26100.0\winrt\wrl\client.h(587,9):
              No user-defined-conversion operator available that can perform this conversion, or the operator cannot be called
      C:\Program Files (x86)\Windows Kits\10\Include\10.0.26100.0\um\d3d11.h(1140,13):
      or 'bool dx3d::operator ==(const dx3d::D3D11_VIEWPORT &,const dx3d::D3D11_VIEWPORT &)' [rewritten expression '!(x == y)']
          C:\Program Files (x86)\Windows Kits\10\Include\10.0.26100.0\winrt\wrl\client.h(587,9):
          'bool dx3d::operator ==(const dx3d::D3D11_VIEWPORT &,const dx3d::D3D11_VIEWPORT &)': cannot convert argument 1 from 'const dx3d::IID' to 'const dx3d::D3D11_VIEWPORT &'
              C:\Program Files (x86)\Windows Kits\10\Include\10.0.26100.0\winrt\wrl\client.h(587,9):
              Reason: cannot convert from 'const dx3d::IID' to 'const dx3d::D3D11_VIEWPORT'
              C:\Program Files (x86)\Windows Kits\10\Include\10.0.26100.0\winrt\wrl\client.h(587,9):
              No user-defined-conversion operator available that can perform this conversion, or the operator cannot be called
      C:\Program Files (x86)\Windows Kits\10\Include\10.0.26100.0\um\d3d11.h(1324,13):
      or 'bool dx3d::operator ==(const dx3d::D3D11_RECT &,const dx3d::D3D11_RECT &)' [rewritten expression '!(x == y)']
          C:\Program Files (x86)\Windows Kits\10\Include\10.0.26100.0\winrt\wrl\client.h(587,9):
          'bool dx3d::operator ==(const dx3d::D3D11_RECT &,const dx3d::D3D11_RECT &)': cannot convert argument 1 from 'const dx3d::IID' to 'const dx3d::D3D11_RECT &'
              C:\Program Files (x86)\Windows Kits\10\Include\10.0.26100.0\winrt\wrl\client.h(587,9):
              Reason: cannot convert from 'const dx3d::IID' to 'const dx3d::D3D11_RECT'
              C:\Program Files (x86)\Windows Kits\10\Include\10.0.26100.0\winrt\wrl\client.h(587,9):
              No user-defined-conversion operator available that can perform this conversion, or the operator cannot be called
      C:\Program Files (x86)\Windows Kits\10\Include\10.0.26100.0\um\d3d11.h(1368,13):
      or 'bool dx3d::operator ==(const dx3d::D3D11_BOX &,const dx3d::D3D11_BOX &)' [rewritten expression '!(x == y)']
          C:\Program Files (x86)\Windows Kits\10\Include\10.0.26100.0\winrt\wrl\client.h(587,9):
          'bool dx3d::operator ==(const dx3d::D3D11_BOX &,const dx3d::D3D11_BOX &)': cannot convert argument 1 from 'const dx3d::IID' to 'const dx3d::D3D11_BOX &'
              C:\Program Files (x86)\Windows Kits\10\Include\10.0.26100.0\winrt\wrl\client.h(587,9):
              Reason: cannot convert from 'const dx3d::IID' to 'const dx3d::D3D11_BOX'
              C:\Program Files (x86)\Windows Kits\10\Include\10.0.26100.0\winrt\wrl\client.h(587,9):
              No user-defined-conversion operator available that can perform this conversion, or the operator cannot be called
      C:\Program Files (x86)\Windows Kits\10\Include\10.0.26100.0\shared\guiddef.h(192,15):
      or 'bool dx3d::operator ==(const dx3d::GUID &,const dx3d::GUID &)' [synthesized expression '!(y == x)']
          C:\Program Files (x86)\Windows Kits\10\Include\10.0.26100.0\winrt\wrl\client.h(587,9):
          'bool dx3d::operator ==(const dx3d::GUID &,const dx3d::GUID &)': cannot convert argument 1 from 'const _GUID' to 'const dx3d::GUID &'
              C:\Program Files (x86)\Windows Kits\10\Include\10.0.26100.0\winrt\wrl\client.h(587,9):
              Reason: cannot convert from 'const _GUID' to 'const dx3d::GUID'
              C:\Program Files (x86)\Windows Kits\10\Include\10.0.26100.0\winrt\wrl\client.h(587,9):
              No user-defined-conversion operator available that can perform this conversion, or the operator cannot be called
      C:\Program Files (x86)\Windows Kits\10\Include\10.0.26100.0\um\d3d11.h(1140,13):
      or 'bool dx3d::operator ==(const dx3d::D3D11_VIEWPORT &,const dx3d::D3D11_VIEWPORT &)' [synthesized expression '!(y == x)']
          C:\Program Files (x86)\Windows Kits\10\Include\10.0.26100.0\winrt\wrl\client.h(587,9):
          'bool dx3d::operator ==(const dx3d::D3D11_VIEWPORT &,const dx3d::D3D11_VIEWPORT &)': cannot convert argument 1 from 'const _GUID' to 'const dx3d::D3D11_VIEWPORT &'
              C:\Program Files (x86)\Windows Kits\10\Include\10.0.26100.0\winrt\wrl\client.h(587,9):
              Reason: cannot convert from 'const _GUID' to 'const dx3d::D3D11_VIEWPORT'
              C:\Program Files (x86)\Windows Kits\10\Include\10.0.26100.0\winrt\wrl\client.h(587,9):
              No user-defined-conversion operator available that can perform this conversion, or the operator cannot be called
      C:\Program Files (x86)\Windows Kits\10\Include\10.0.26100.0\um\d3d11.h(1324,13):
      or 'bool dx3d::operator ==(const dx3d::D3D11_RECT &,const dx3d::D3D11_RECT &)' [synthesized expression '!(y == x)']
          C:\Program Files (x86)\Windows Kits\10\Include\10.0.26100.0\winrt\wrl\client.h(587,9):
          'bool dx3d::operator ==(const dx3d::D3D11_RECT &,const dx3d::D3D11_RECT &)': cannot convert argument 1 from 'const _GUID' to 'const dx3d::D3D11_RECT &'
              C:\Program Files (x86)\Windows Kits\10\Include\10.0.26100.0\winrt\wrl\client.h(587,9):
              Reason: cannot convert from 'const _GUID' to 'const dx3d::D3D11_RECT'
              C:\Program Files (x86)\Windows Kits\10\Include\10.0.26100.0\winrt\wrl\client.h(587,9):
              No user-defined-conversion operator available that can perform this conversion, or the operator cannot be called
      C:\Program Files (x86)\Windows Kits\10\Include\10.0.26100.0\um\d3d11.h(1368,13):
      or 'bool dx3d::operator ==(const dx3d::D3D11_BOX &,const dx3d::D3D11_BOX &)' [synthesized expression '!(y == x)']
          C:\Program Files (x86)\Windows Kits\10\Include\10.0.26100.0\winrt\wrl\client.h(587,9):
          'bool dx3d::operator ==(const dx3d::D3D11_BOX &,const dx3d::D3D11_BOX &)': cannot convert argument 1 from 'const _GUID' to 'const dx3d::D3D11_BOX &'
              C:\Program Files (x86)\Windows Kits\10\Include\10.0.26100.0\winrt\wrl\client.h(587,9):
              Reason: cannot convert from 'const _GUID' to 'const dx3d::D3D11_BOX'
              C:\Program Files (x86)\Windows Kits\10\Include\10.0.26100.0\winrt\wrl\client.h(587,9):
              No user-defined-conversion operator available that can perform this conversion, or the operator cannot be called
      C:\Program Files (x86)\Windows Kits\10\Include\10.0.26100.0\winrt\wrl\client.h(587,9):
      while trying to match the argument list '(const dx3d::IID, const _GUID)'
  
C:\Program Files (x86)\Windows Kits\10\Include\10.0.26100.0\winrt\wrl\client.h(725,9): error C2678: binary '!=': no operator found which takes a left-hand operand of type 'const _GUID' (or there is no acceptable conversion)
  (compiling source file 'DeviceContext.cpp')
      C:\Program Files (x86)\Windows Kits\10\Include\10.0.26100.0\um\d3d11.h(1373,13):
      could be 'bool dx3d::operator !=(const dx3d::D3D11_BOX &,const dx3d::D3D11_BOX &)'
          C:\Program Files (x86)\Windows Kits\10\Include\10.0.26100.0\winrt\wrl\client.h(725,9):
          'bool dx3d::operator !=(const dx3d::D3D11_BOX &,const dx3d::D3D11_BOX &)': cannot convert argument 1 from 'const dx3d::IID' to 'const dx3d::D3D11_BOX &'
              C:\Program Files (x86)\Windows Kits\10\Include\10.0.26100.0\winrt\wrl\client.h(725,9):
              Reason: cannot convert from 'const dx3d::IID' to 'const dx3d::D3D11_BOX'
              C:\Program Files (x86)\Windows Kits\10\Include\10.0.26100.0\winrt\wrl\client.h(725,9):
              No user-defined-conversion operator available that can perform this conversion, or the operator cannot be called
      C:\Program Files (x86)\Windows Kits\10\Include\10.0.26100.0\um\d3d11.h(1329,13):
      or       'bool dx3d::operator !=(const dx3d::D3D11_RECT &,const dx3d::D3D11_RECT &)'
          C:\Program Files (x86)\Windows Kits\10\Include\10.0.26100.0\winrt\wrl\client.h(725,9):
          'bool dx3d::operator !=(const dx3d::D3D11_RECT &,const dx3d::D3D11_RECT &)': cannot convert argument 1 from 'const dx3d::IID' to 'const dx3d::D3D11_RECT &'
              C:\Program Files (x86)\Windows Kits\10\Include\10.0.26100.0\winrt\wrl\client.h(725,9):
              Reason: cannot convert from 'const dx3d::IID' to 'const dx3d::D3D11_RECT'
              C:\Program Files (x86)\Windows Kits\10\Include\10.0.26100.0\winrt\wrl\client.h(725,9):
              No user-defined-conversion operator available that can perform this conversion, or the operator cannot be called
      C:\Program Files (x86)\Windows Kits\10\Include\10.0.26100.0\um\d3d11.h(1145,13):
      or       'bool dx3d::operator !=(const dx3d::D3D11_VIEWPORT &,const dx3d::D3D11_VIEWPORT &)'
          C:\Program Files (x86)\Windows Kits\10\Include\10.0.26100.0\winrt\wrl\client.h(725,9):
          'bool dx3d::operator !=(const dx3d::D3D11_VIEWPORT &,const dx3d::D3D11_VIEWPORT &)': cannot convert argument 1 from 'const dx3d::IID' to 'const dx3d::D3D11_VIEWPORT &'
              C:\Program Files (x86)\Windows Kits\10\Include\10.0.26100.0\winrt\wrl\client.h(725,9):
              Reason: cannot convert from 'const dx3d::IID' to 'const dx3d::D3D11_VIEWPORT'
              C:\Program Files (x86)\Windows Kits\10\Include\10.0.26100.0\winrt\wrl\client.h(725,9):
              No user-defined-conversion operator available that can perform this conversion, or the operator cannot be called
      C:\Program Files (x86)\Windows Kits\10\Include\10.0.26100.0\shared\guiddef.h(197,15):
      or       'bool dx3d::operator !=(const dx3d::GUID &,const dx3d::GUID &)'
          C:\Program Files (x86)\Windows Kits\10\Include\10.0.26100.0\winrt\wrl\client.h(725,9):
          'bool dx3d::operator !=(const dx3d::GUID &,const dx3d::GUID &)': cannot convert argument 2 from 'const _GUID' to 'const dx3d::GUID &'
              C:\Program Files (x86)\Windows Kits\10\Include\10.0.26100.0\winrt\wrl\client.h(725,9):
              Reason: cannot convert from 'const _GUID' to 'const dx3d::GUID'
              C:\Program Files (x86)\Windows Kits\10\Include\10.0.26100.0\winrt\wrl\client.h(725,9):
              No user-defined-conversion operator available that can perform this conversion, or the operator cannot be called
      C:\Program Files (x86)\Windows Kits\10\Include\10.0.26100.0\shared\guiddef.h(192,15):
      or 'bool dx3d::operator ==(const dx3d::GUID &,const dx3d::GUID &)' [rewritten expression '!(x == y)']
          C:\Program Files (x86)\Windows Kits\10\Include\10.0.26100.0\winrt\wrl\client.h(725,9):
          'bool dx3d::operator ==(const dx3d::GUID &,const dx3d::GUID &)': cannot convert argument 2 from 'const _GUID' to 'const dx3d::GUID &'
              C:\Program Files (x86)\Windows Kits\10\Include\10.0.26100.0\winrt\wrl\client.h(725,9):
              Reason: cannot convert from 'const _GUID' to 'const dx3d::GUID'
              C:\Program Files (x86)\Windows Kits\10\Include\10.0.26100.0\winrt\wrl\client.h(725,9):
              No user-defined-conversion operator available that can perform this conversion, or the operator cannot be called
      C:\Program Files (x86)\Windows Kits\10\Include\10.0.26100.0\um\d3d11.h(1140,13):
      or 'bool dx3d::operator ==(const dx3d::D3D11_VIEWPORT &,const dx3d::D3D11_VIEWPORT &)' [rewritten expression '!(x == y)']
          C:\Program Files (x86)\Windows Kits\10\Include\10.0.26100.0\winrt\wrl\client.h(725,9):
          'bool dx3d::operator ==(const dx3d::D3D11_VIEWPORT &,const dx3d::D3D11_VIEWPORT &)': cannot convert argument 1 from 'const dx3d::IID' to 'const dx3d::D3D11_VIEWPORT &'
              C:\Program Files (x86)\Windows Kits\10\Include\10.0.26100.0\winrt\wrl\client.h(725,9):
              Reason: cannot convert from 'const dx3d::IID' to 'const dx3d::D3D11_VIEWPORT'
              C:\Program Files (x86)\Windows Kits\10\Include\10.0.26100.0\winrt\wrl\client.h(725,9):
              No user-defined-conversion operator available that can perform this conversion, or the operator cannot be called
      C:\Program Files (x86)\Windows Kits\10\Include\10.0.26100.0\um\d3d11.h(1324,13):
      or 'bool dx3d::operator ==(const dx3d::D3D11_RECT &,const dx3d::D3D11_RECT &)' [rewritten expression '!(x == y)']
          C:\Program Files (x86)\Windows Kits\10\Include\10.0.26100.0\winrt\wrl\client.h(725,9):
          'bool dx3d::operator ==(const dx3d::D3D11_RECT &,const dx3d::D3D11_RECT &)': cannot convert argument 1 from 'const dx3d::IID' to 'const dx3d::D3D11_RECT &'
              C:\Program Files (x86)\Windows Kits\10\Include\10.0.26100.0\winrt\wrl\client.h(725,9):
              Reason: cannot convert from 'const dx3d::IID' to 'const dx3d::D3D11_RECT'
              C:\Program Files (x86)\Windows Kits\10\Include\10.0.26100.0\winrt\wrl\client.h(725,9):
              No user-defined-conversion operator available that can perform this conversion, or the operator cannot be called
      C:\Program Files (x86)\Windows Kits\10\Include\10.0.26100.0\um\d3d11.h(1368,13):
      or 'bool dx3d::operator ==(const dx3d::D3D11_BOX &,const dx3d::D3D11_BOX &)' [rewritten expression '!(x == y)']
          C:\Program Files (x86)\Windows Kits\10\Include\10.0.26100.0\winrt\wrl\client.h(725,9):
          'bool dx3d::operator ==(const dx3d::D3D11_BOX &,const dx3d::D3D11_BOX &)': cannot convert argument 1 from 'const dx3d::IID' to 'const dx3d::D3D11_BOX &'
              C:\Program Files (x86)\Windows Kits\10\Include\10.0.26100.0\winrt\wrl\client.h(725,9):
              Reason: cannot convert from 'const dx3d::IID' to 'const dx3d::D3D11_BOX'
              C:\Program Files (x86)\Windows Kits\10\Include\10.0.26100.0\winrt\wrl\client.h(725,9):
              No user-defined-conversion operator available that can perform this conversion, or the operator cannot be called
      C:\Program Files (x86)\Windows Kits\10\Include\10.0.26100.0\shared\guiddef.h(192,15):
      or 'bool dx3d::operator ==(const dx3d::GUID &,const dx3d::GUID &)' [synthesized expression '!(y == x)']
          C:\Program Files (x86)\Windows Kits\10\Include\10.0.26100.0\winrt\wrl\client.h(725,9):
          'bool dx3d::operator ==(const dx3d::GUID &,const dx3d::GUID &)': cannot convert argument 1 from 'const _GUID' to 'const dx3d::GUID &'
              C:\Program Files (x86)\Windows Kits\10\Include\10.0.26100.0\winrt\wrl\client.h(725,9):
              Reason: cannot convert from 'const _GUID' to 'const dx3d::GUID'
              C:\Program Files (x86)\Windows Kits\10\Include\10.0.26100.0\winrt\wrl\client.h(725,9):
              No user-defined-conversion operator available that can perform this conversion, or the operator cannot be called
      C:\Program Files (x86)\Windows Kits\10\Include\10.0.26100.0\um\d3d11.h(1140,13):
      or 'bool dx3d::operator ==(const dx3d::D3D11_VIEWPORT &,const dx3d::D3D11_VIEWPORT &)' [synthesized expression '!(y == x)']
          C:\Program Files (x86)\Windows Kits\10\Include\10.0.26100.0\winrt\wrl\client.h(725,9):
          'bool dx3d::operator ==(const dx3d::D3D11_VIEWPORT &,const dx3d::D3D11_VIEWPORT &)': cannot convert argument 1 from 'const _GUID' to 'const dx3d::D3D11_VIEWPORT &'
              C:\Program Files (x86)\Windows Kits\10\Include\10.0.26100.0\winrt\wrl\client.h(725,9):
              Reason: cannot convert from 'const _GUID' to 'const dx3d::D3D11_VIEWPORT'
              C:\Program Files (x86)\Windows Kits\10\Include\10.0.26100.0\winrt\wrl\client.h(725,9):
              No user-defined-conversion operator available that can perform this conversion, or the operator cannot be called
      C:\Program Files (x86)\Windows Kits\10\Include\10.0.26100.0\um\d3d11.h(1324,13):
      or 'bool dx3d::operator ==(const dx3d::D3D11_RECT &,const dx3d::D3D11_RECT &)' [synthesized expression '!(y == x)']
          C:\Program Files (x86)\Windows Kits\10\Include\10.0.26100.0\winrt\wrl\client.h(725,9):
          'bool dx3d::operator ==(const dx3d::D3D11_RECT &,const dx3d::D3D11_RECT &)': cannot convert argument 1 from 'const _GUID' to 'const dx3d::D3D11_RECT &'
              C:\Program Files (x86)\Windows Kits\10\Include\10.0.26100.0\winrt\wrl\client.h(725,9):
              Reason: cannot convert from 'const _GUID' to 'const dx3d::D3D11_RECT'
              C:\Program Files (x86)\Windows Kits\10\Include\10.0.26100.0\winrt\wrl\client.h(725,9):
              No user-defined-conversion operator available that can perform this conversion, or the operator cannot be called
      C:\Program Files (x86)\Windows Kits\10\Include\10.0.26100.0\um\d3d11.h(1368,13):
      or 'bool dx3d::operator ==(const dx3d::D3D11_BOX &,const dx3d::D3D11_BOX &)' [synthesized expression '!(y == x)']
          C:\Program Files (x86)\Windows Kits\10\Include\10.0.26100.0\winrt\wrl\client.h(725,9):
          'bool dx3d::operator ==(const dx3d::D3D11_BOX &,const dx3d::D3D11_BOX &)': cannot convert argument 1 from 'const _GUID' to 'const dx3d::D3D11_BOX &'
              C:\Program Files (x86)\Windows Kits\10\Include\10.0.26100.0\winrt\wrl\client.h(725,9):
              Reason: cannot convert from 'const _GUID' to 'const dx3d::D3D11_BOX'
              C:\Program Files (x86)\Windows Kits\10\Include\10.0.26100.0\winrt\wrl\client.h(725,9):
              No user-defined-conversion operator available that can perform this conversion, or the operator cannot be called
      C:\Program Files (x86)\Windows Kits\10\Include\10.0.26100.0\winrt\wrl\client.h(725,9):
      while trying to match the argument list '(const dx3d::IID, const _GUID)'
  
C:\Program Files (x86)\Windows Kits\10\Include\10.0.26100.0\winrt\wrl\client.h(732,9): error C2678: binary '!=': no operator found which takes a left-hand operand of type 'const _GUID' (or there is no acceptable conversion)
  (compiling source file 'DeviceContext.cpp')
      C:\Program Files (x86)\Windows Kits\10\Include\10.0.26100.0\um\d3d11.h(1373,13):
      could be 'bool dx3d::operator !=(const dx3d::D3D11_BOX &,const dx3d::D3D11_BOX &)'
          C:\Program Files (x86)\Windows Kits\10\Include\10.0.26100.0\winrt\wrl\client.h(732,9):
          'bool dx3d::operator !=(const dx3d::D3D11_BOX &,const dx3d::D3D11_BOX &)': cannot convert argument 1 from 'const dx3d::IID' to 'const dx3d::D3D11_BOX &'
              C:\Program Files (x86)\Windows Kits\10\Include\10.0.26100.0\winrt\wrl\client.h(732,9):
              Reason: cannot convert from 'const dx3d::IID' to 'const dx3d::D3D11_BOX'
              C:\Program Files (x86)\Windows Kits\10\Include\10.0.26100.0\winrt\wrl\client.h(732,9):
              No user-defined-conversion operator available that can perform this conversion, or the operator cannot be called
      C:\Program Files (x86)\Windows Kits\10\Include\10.0.26100.0\um\d3d11.h(1329,13):
      or       'bool dx3d::operator !=(const dx3d::D3D11_RECT &,const dx3d::D3D11_RECT &)'
          C:\Program Files (x86)\Windows Kits\10\Include\10.0.26100.0\winrt\wrl\client.h(732,9):
          'bool dx3d::operator !=(const dx3d::D3D11_RECT &,const dx3d::D3D11_RECT &)': cannot convert argument 1 from 'const dx3d::IID' to 'const dx3d::D3D11_RECT &'
              C:\Program Files (x86)\Windows Kits\10\Include\10.0.26100.0\winrt\wrl\client.h(732,9):
              Reason: cannot convert from 'const dx3d::IID' to 'const dx3d::D3D11_RECT'
              C:\Program Files (x86)\Windows Kits\10\Include\10.0.26100.0\winrt\wrl\client.h(732,9):
              No user-defined-conversion operator available that can perform this conversion, or the operator cannot be called
      C:\Program Files (x86)\Windows Kits\10\Include\10.0.26100.0\um\d3d11.h(1145,13):
      or       'bool dx3d::operator !=(const dx3d::D3D11_VIEWPORT &,const dx3d::D3D11_VIEWPORT &)'
          C:\Program Files (x86)\Windows Kits\10\Include\10.0.26100.0\winrt\wrl\client.h(732,9):
          'bool dx3d::operator !=(const dx3d::D3D11_VIEWPORT &,const dx3d::D3D11_VIEWPORT &)': cannot convert argument 1 from 'const dx3d::IID' to 'const dx3d::D3D11_VIEWPORT &'
              C:\Program Files (x86)\Windows Kits\10\Include\10.0.26100.0\winrt\wrl\client.h(732,9):
              Reason: cannot convert from 'const dx3d::IID' to 'const dx3d::D3D11_VIEWPORT'
              C:\Program Files (x86)\Windows Kits\10\Include\10.0.26100.0\winrt\wrl\client.h(732,9):
              No user-defined-conversion operator available that can perform this conversion, or the operator cannot be called
      C:\Program Files (x86)\Windows Kits\10\Include\10.0.26100.0\shared\guiddef.h(197,15):
      or       'bool dx3d::operator !=(const dx3d::GUID &,const dx3d::GUID &)'
          C:\Program Files (x86)\Windows Kits\10\Include\10.0.26100.0\winrt\wrl\client.h(732,9):
          'bool dx3d::operator !=(const dx3d::GUID &,const dx3d::GUID &)': cannot convert argument 2 from 'const _GUID' to 'const dx3d::GUID &'
              C:\Program Files (x86)\Windows Kits\10\Include\10.0.26100.0\winrt\wrl\client.h(732,9):
              Reason: cannot convert from 'const _GUID' to 'const dx3d::GUID'
              C:\Program Files (x86)\Windows Kits\10\Include\10.0.26100.0\winrt\wrl\client.h(732,9):
              No user-defined-conversion operator available that can perform this conversion, or the operator cannot be called
      C:\Program Files (x86)\Windows Kits\10\Include\10.0.26100.0\shared\guiddef.h(192,15):
      or 'bool dx3d::operator ==(const dx3d::GUID &,const dx3d::GUID &)' [rewritten expression '!(x == y)']
          C:\Program Files (x86)\Windows Kits\10\Include\10.0.26100.0\winrt\wrl\client.h(732,9):
          'bool dx3d::operator ==(const dx3d::GUID &,const dx3d::GUID &)': cannot convert argument 2 from 'const _GUID' to 'const dx3d::GUID &'
              C:\Program Files (x86)\Windows Kits\10\Include\10.0.26100.0\winrt\wrl\client.h(732,9):
              Reason: cannot convert from 'const _GUID' to 'const dx3d::GUID'
              C:\Program Files (x86)\Windows Kits\10\Include\10.0.26100.0\winrt\wrl\client.h(732,9):
              No user-defined-conversion operator available that can perform this conversion, or the operator cannot be called
      C:\Program Files (x86)\Windows Kits\10\Include\10.0.26100.0\um\d3d11.h(1140,13):
      or 'bool dx3d::operator ==(const dx3d::D3D11_VIEWPORT &,const dx3d::D3D11_VIEWPORT &)' [rewritten expression '!(x == y)']
          C:\Program Files (x86)\Windows Kits\10\Include\10.0.26100.0\winrt\wrl\client.h(732,9):
          'bool dx3d::operator ==(const dx3d::D3D11_VIEWPORT &,const dx3d::D3D11_VIEWPORT &)': cannot convert argument 1 from 'const dx3d::IID' to 'const dx3d::D3D11_VIEWPORT &'
              C:\Program Files (x86)\Windows Kits\10\Include\10.0.26100.0\winrt\wrl\client.h(732,9):
              Reason: cannot convert from 'const dx3d::IID' to 'const dx3d::D3D11_VIEWPORT'
              C:\Program Files (x86)\Windows Kits\10\Include\10.0.26100.0\winrt\wrl\client.h(732,9):
              No user-defined-conversion operator available that can perform this conversion, or the operator cannot be called
      C:\Program Files (x86)\Windows Kits\10\Include\10.0.26100.0\um\d3d11.h(1324,13):
      or 'bool dx3d::operator ==(const dx3d::D3D11_RECT &,const dx3d::D3D11_RECT &)' [rewritten expression '!(x == y)']
          C:\Program Files (x86)\Windows Kits\10\Include\10.0.26100.0\winrt\wrl\client.h(732,9):
          'bool dx3d::operator ==(const dx3d::D3D11_RECT &,const dx3d::D3D11_RECT &)': cannot convert argument 1 from 'const dx3d::IID' to 'const dx3d::D3D11_RECT &'
              C:\Program Files (x86)\Windows Kits\10\Include\10.0.26100.0\winrt\wrl\client.h(732,9):
              Reason: cannot convert from 'const dx3d::IID' to 'const dx3d::D3D11_RECT'
              C:\Program Files (x86)\Windows Kits\10\Include\10.0.26100.0\winrt\wrl\client.h(732,9):
              No user-defined-conversion operator available that can perform this conversion, or the operator cannot be called
      C:\Program Files (x86)\Windows Kits\10\Include\10.0.26100.0\um\d3d11.h(1368,13):
      or 'bool dx3d::operator ==(const dx3d::D3D11_BOX &,const dx3d::D3D11_BOX &)' [rewritten expression '!(x == y)']
          C:\Program Files (x86)\Windows Kits\10\Include\10.0.26100.0\winrt\wrl\client.h(732,9):
          'bool dx3d::operator ==(const dx3d::D3D11_BOX &,const dx3d::D3D11_BOX &)': cannot convert argument 1 from 'const dx3d::IID' to 'const dx3d::D3D11_BOX &'
              C:\Program Files (x86)\Windows Kits\10\Include\10.0.26100.0\winrt\wrl\client.h(732,9):
              Reason: cannot convert from 'const dx3d::IID' to 'const dx3d::D3D11_BOX'
              C:\Program Files (x86)\Windows Kits\10\Include\10.0.26100.0\winrt\wrl\client.h(732,9):
              No user-defined-conversion operator available that can perform this conversion, or the operator cannot be called
      C:\Program Files (x86)\Windows Kits\10\Include\10.0.26100.0\shared\guiddef.h(192,15):
      or 'bool dx3d::operator ==(const dx3d::GUID &,const dx3d::GUID &)' [synthesized expression '!(y == x)']
          C:\Program Files (x86)\Windows Kits\10\Include\10.0.26100.0\winrt\wrl\client.h(732,9):
          'bool dx3d::operator ==(const dx3d::GUID &,const dx3d::GUID &)': cannot convert argument 1 from 'const _GUID' to 'const dx3d::GUID &'
              C:\Program Files (x86)\Windows Kits\10\Include\10.0.26100.0\winrt\wrl\client.h(732,9):
              Reason: cannot convert from 'const _GUID' to 'const dx3d::GUID'
              C:\Program Files (x86)\Windows Kits\10\Include\10.0.26100.0\winrt\wrl\client.h(732,9):
              No user-defined-conversion operator available that can perform this conversion, or the operator cannot be called
      C:\Program Files (x86)\Windows Kits\10\Include\10.0.26100.0\um\d3d11.h(1140,13):
      or 'bool dx3d::operator ==(const dx3d::D3D11_VIEWPORT &,const dx3d::D3D11_VIEWPORT &)' [synthesized expression '!(y == x)']
          C:\Program Files (x86)\Windows Kits\10\Include\10.0.26100.0\winrt\wrl\client.h(732,9):
          'bool dx3d::operator ==(const dx3d::D3D11_VIEWPORT &,const dx3d::D3D11_VIEWPORT &)': cannot convert argument 1 from 'const _GUID' to 'const dx3d::D3D11_VIEWPORT &'
              C:\Program Files (x86)\Windows Kits\10\Include\10.0.26100.0\winrt\wrl\client.h(732,9):
              Reason: cannot convert from 'const _GUID' to 'const dx3d::D3D11_VIEWPORT'
              C:\Program Files (x86)\Windows Kits\10\Include\10.0.26100.0\winrt\wrl\client.h(732,9):
              No user-defined-conversion operator available that can perform this conversion, or the operator cannot be called
      C:\Program Files (x86)\Windows Kits\10\Include\10.0.26100.0\um\d3d11.h(1324,13):
      or 'bool dx3d::operator ==(const dx3d::D3D11_RECT &,const dx3d::D3D11_RECT &)' [synthesized expression '!(y == x)']
          C:\Program Files (x86)\Windows Kits\10\Include\10.0.26100.0\winrt\wrl\client.h(732,9):
          'bool dx3d::operator ==(const dx3d::D3D11_RECT &,const dx3d::D3D11_RECT &)': cannot convert argument 1 from 'const _GUID' to 'const dx3d::D3D11_RECT &'
              C:\Program Files (x86)\Windows Kits\10\Include\10.0.26100.0\winrt\wrl\client.h(732,9):
              Reason: cannot convert from 'const _GUID' to 'const dx3d::D3D11_RECT'
              C:\Program Files (x86)\Windows Kits\10\Include\10.0.26100.0\winrt\wrl\client.h(732,9):
              No user-defined-conversion operator available that can perform this conversion, or the operator cannot be called
      C:\Program Files (x86)\Windows Kits\10\Include\10.0.26100.0\um\d3d11.h(1368,13):
      or 'bool dx3d::operator ==(const dx3d::D3D11_BOX &,const dx3d::D3D11_BOX &)' [synthesized expression '!(y == x)']
          C:\Program Files (x86)\Windows Kits\10\Include\10.0.26100.0\winrt\wrl\client.h(732,9):
          'bool dx3d::operator ==(const dx3d::D3D11_BOX &,const dx3d::D3D11_BOX &)': cannot convert argument 1 from 'const _GUID' to 'const dx3d::D3D11_BOX &'
              C:\Program Files (x86)\Windows Kits\10\Include\10.0.26100.0\winrt\wrl\client.h(732,9):
              Reason: cannot convert from 'const _GUID' to 'const dx3d::D3D11_BOX'
              C:\Program Files (x86)\Windows Kits\10\Include\10.0.26100.0\winrt\wrl\client.h(732,9):
              No user-defined-conversion operator available that can perform this conversion, or the operator cannot be called
      C:\Program Files (x86)\Windows Kits\10\Include\10.0.26100.0\winrt\wrl\client.h(732,9):
      while trying to match the argument list '(const dx3d::IID, const _GUID)'
  
C:\Program Files (x86)\Windows Kits\10\Include\10.0.26100.0\winrt\wrl\client.h(594,9): error C2678: binary '!=': no operator found which takes a left-hand operand of type 'const _GUID' (or there is no acceptable conversion)
  (compiling source file 'SwapChain.cpp')
      C:\Program Files (x86)\Windows Kits\10\Include\10.0.26100.0\um\d3d11.h(1373,13):
      could be 'bool dx3d::operator !=(const dx3d::D3D11_BOX &,const dx3d::D3D11_BOX &)'
          C:\Program Files (x86)\Windows Kits\10\Include\10.0.26100.0\winrt\wrl\client.h(594,9):
          'bool dx3d::operator !=(const dx3d::D3D11_BOX &,const dx3d::D3D11_BOX &)': cannot convert argument 1 from 'const dx3d::IID' to 'const dx3d::D3D11_BOX &'
              C:\Program Files (x86)\Windows Kits\10\Include\10.0.26100.0\winrt\wrl\client.h(594,9):
              Reason: cannot convert from 'const dx3d::IID' to 'const dx3d::D3D11_BOX'
              C:\Program Files (x86)\Windows Kits\10\Include\10.0.26100.0\winrt\wrl\client.h(594,9):
              No user-defined-conversion operator available that can perform this conversion, or the operator cannot be called
      C:\Program Files (x86)\Windows Kits\10\Include\10.0.26100.0\um\d3d11.h(1329,13):
      or       'bool dx3d::operator !=(const dx3d::D3D11_RECT &,const dx3d::D3D11_RECT &)'
          C:\Program Files (x86)\Windows Kits\10\Include\10.0.26100.0\winrt\wrl\client.h(594,9):
          'bool dx3d::operator !=(const dx3d::D3D11_RECT &,const dx3d::D3D11_RECT &)': cannot convert argument 1 from 'const dx3d::IID' to 'const dx3d::D3D11_RECT &'
              C:\Program Files (x86)\Windows Kits\10\Include\10.0.26100.0\winrt\wrl\client.h(594,9):
              Reason: cannot convert from 'const dx3d::IID' to 'const dx3d::D3D11_RECT'
              C:\Program Files (x86)\Windows Kits\10\Include\10.0.26100.0\winrt\wrl\client.h(594,9):
              No user-defined-conversion operator available that can perform this conversion, or the operator cannot be called
      C:\Program Files (x86)\Windows Kits\10\Include\10.0.26100.0\um\d3d11.h(1145,13):
      or       'bool dx3d::operator !=(const dx3d::D3D11_VIEWPORT &,const dx3d::D3D11_VIEWPORT &)'
          C:\Program Files (x86)\Windows Kits\10\Include\10.0.26100.0\winrt\wrl\client.h(594,9):
          'bool dx3d::operator !=(const dx3d::D3D11_VIEWPORT &,const dx3d::D3D11_VIEWPORT &)': cannot convert argument 1 from 'const dx3d::IID' to 'const dx3d::D3D11_VIEWPORT &'
              C:\Program Files (x86)\Windows Kits\10\Include\10.0.26100.0\winrt\wrl\client.h(594,9):
              Reason: cannot convert from 'const dx3d::IID' to 'const dx3d::D3D11_VIEWPORT'
              C:\Program Files (x86)\Windows Kits\10\Include\10.0.26100.0\winrt\wrl\client.h(594,9):
              No user-defined-conversion operator available that can perform this conversion, or the operator cannot be called
      C:\Program Files (x86)\Windows Kits\10\Include\10.0.26100.0\shared\guiddef.h(197,15):
      or       'bool dx3d::operator !=(const dx3d::GUID &,const dx3d::GUID &)'
          C:\Program Files (x86)\Windows Kits\10\Include\10.0.26100.0\winrt\wrl\client.h(594,9):
          'bool dx3d::operator !=(const dx3d::GUID &,const dx3d::GUID &)': cannot convert argument 2 from 'const _GUID' to 'const dx3d::GUID &'
              C:\Program Files (x86)\Windows Kits\10\Include\10.0.26100.0\winrt\wrl\client.h(594,9):
              Reason: cannot convert from 'const _GUID' to 'const dx3d::GUID'
              C:\Program Files (x86)\Windows Kits\10\Include\10.0.26100.0\winrt\wrl\client.h(594,9):
              No user-defined-conversion operator available that can perform this conversion, or the operator cannot be called
      C:\Program Files (x86)\Windows Kits\10\Include\10.0.26100.0\shared\guiddef.h(192,15):
      or 'bool dx3d::operator ==(const dx3d::GUID &,const dx3d::GUID &)' [rewritten expression '!(x == y)']
          C:\Program Files (x86)\Windows Kits\10\Include\10.0.26100.0\winrt\wrl\client.h(594,9):
          'bool dx3d::operator ==(const dx3d::GUID &,const dx3d::GUID &)': cannot convert argument 2 from 'const _GUID' to 'const dx3d::GUID &'
              C:\Program Files (x86)\Windows Kits\10\Include\10.0.26100.0\winrt\wrl\client.h(594,9):
              Reason: cannot convert from 'const _GUID' to 'const dx3d::GUID'
              C:\Program Files (x86)\Windows Kits\10\Include\10.0.26100.0\winrt\wrl\client.h(594,9):
              No user-defined-conversion operator available that can perform this conversion, or the operator cannot be called
      C:\Program Files (x86)\Windows Kits\10\Include\10.0.26100.0\um\d3d11.h(1140,13):
      or 'bool dx3d::operator ==(const dx3d::D3D11_VIEWPORT &,const dx3d::D3D11_VIEWPORT &)' [rewritten expression '!(x == y)']
          C:\Program Files (x86)\Windows Kits\10\Include\10.0.26100.0\winrt\wrl\client.h(594,9):
          'bool dx3d::operator ==(const dx3d::D3D11_VIEWPORT &,const dx3d::D3D11_VIEWPORT &)': cannot convert argument 1 from 'const dx3d::IID' to 'const dx3d::D3D11_VIEWPORT &'
              C:\Program Files (x86)\Windows Kits\10\Include\10.0.26100.0\winrt\wrl\client.h(594,9):
              Reason: cannot convert from 'const dx3d::IID' to 'const dx3d::D3D11_VIEWPORT'
              C:\Program Files (x86)\Windows Kits\10\Include\10.0.26100.0\winrt\wrl\client.h(594,9):
              No user-defined-conversion operator available that can perform this conversion, or the operator cannot be called
      C:\Program Files (x86)\Windows Kits\10\Include\10.0.26100.0\um\d3d11.h(1324,13):
      or 'bool dx3d::operator ==(const dx3d::D3D11_RECT &,const dx3d::D3D11_RECT &)' [rewritten expression '!(x == y)']
          C:\Program Files (x86)\Windows Kits\10\Include\10.0.26100.0\winrt\wrl\client.h(594,9):
          'bool dx3d::operator ==(const dx3d::D3D11_RECT &,const dx3d::D3D11_RECT &)': cannot convert argument 1 from 'const dx3d::IID' to 'const dx3d::D3D11_RECT &'
              C:\Program Files (x86)\Windows Kits\10\Include\10.0.26100.0\winrt\wrl\client.h(594,9):
              Reason: cannot convert from 'const dx3d::IID' to 'const dx3d::D3D11_RECT'
              C:\Program Files (x86)\Windows Kits\10\Include\10.0.26100.0\winrt\wrl\client.h(594,9):
              No user-defined-conversion operator available that can perform this conversion, or the operator cannot be called
      C:\Program Files (x86)\Windows Kits\10\Include\10.0.26100.0\um\d3d11.h(1368,13):
      or 'bool dx3d::operator ==(const dx3d::D3D11_BOX &,const dx3d::D3D11_BOX &)' [rewritten expression '!(x == y)']
          C:\Program Files (x86)\Windows Kits\10\Include\10.0.26100.0\winrt\wrl\client.h(594,9):
          'bool dx3d::operator ==(const dx3d::D3D11_BOX &,const dx3d::D3D11_BOX &)': cannot convert argument 1 from 'const dx3d::IID' to 'const dx3d::D3D11_BOX &'
              C:\Program Files (x86)\Windows Kits\10\Include\10.0.26100.0\winrt\wrl\client.h(594,9):
              Reason: cannot convert from 'const dx3d::IID' to 'const dx3d::D3D11_BOX'
              C:\Program Files (x86)\Windows Kits\10\Include\10.0.26100.0\winrt\wrl\client.h(594,9):
              No user-defined-conversion operator available that can perform this conversion, or the operator cannot be called
      C:\Program Files (x86)\Windows Kits\10\Include\10.0.26100.0\shared\guiddef.h(192,15):
      or 'bool dx3d::operator ==(const dx3d::GUID &,const dx3d::GUID &)' [synthesized expression '!(y == x)']
          C:\Program Files (x86)\Windows Kits\10\Include\10.0.26100.0\winrt\wrl\client.h(594,9):
          'bool dx3d::operator ==(const dx3d::GUID &,const dx3d::GUID &)': cannot convert argument 1 from 'const _GUID' to 'const dx3d::GUID &'
              C:\Program Files (x86)\Windows Kits\10\Include\10.0.26100.0\winrt\wrl\client.h(594,9):
              Reason: cannot convert from 'const _GUID' to 'const dx3d::GUID'
              C:\Program Files (x86)\Windows Kits\10\Include\10.0.26100.0\winrt\wrl\client.h(594,9):
              No user-defined-conversion operator available that can perform this conversion, or the operator cannot be called
      C:\Program Files (x86)\Windows Kits\10\Include\10.0.26100.0\um\d3d11.h(1140,13):
      or 'bool dx3d::operator ==(const dx3d::D3D11_VIEWPORT &,const dx3d::D3D11_VIEWPORT &)' [synthesized expression '!(y == x)']
          C:\Program Files (x86)\Windows Kits\10\Include\10.0.26100.0\winrt\wrl\client.h(594,9):
          'bool dx3d::operator ==(const dx3d::D3D11_VIEWPORT &,const dx3d::D3D11_VIEWPORT &)': cannot convert argument 1 from 'const _GUID' to 'const dx3d::D3D11_VIEWPORT &'
              C:\Program Files (x86)\Windows Kits\10\Include\10.0.26100.0\winrt\wrl\client.h(594,9):
              Reason: cannot convert from 'const _GUID' to 'const dx3d::D3D11_VIEWPORT'
              C:\Program Files (x86)\Windows Kits\10\Include\10.0.26100.0\winrt\wrl\client.h(594,9):
              No user-defined-conversion operator available that can perform this conversion, or the operator cannot be called
      C:\Program Files (x86)\Windows Kits\10\Include\10.0.26100.0\um\d3d11.h(1324,13):
      or 'bool dx3d::operator ==(const dx3d::D3D11_RECT &,const dx3d::D3D11_RECT &)' [synthesized expression '!(y == x)']
          C:\Program Files (x86)\Windows Kits\10\Include\10.0.26100.0\winrt\wrl\client.h(594,9):
          'bool dx3d::operator ==(const dx3d::D3D11_RECT &,const dx3d::D3D11_RECT &)': cannot convert argument 1 from 'const _GUID' to 'const dx3d::D3D11_RECT &'
              C:\Program Files (x86)\Windows Kits\10\Include\10.0.26100.0\winrt\wrl\client.h(594,9):
              Reason: cannot convert from 'const _GUID' to 'const dx3d::D3D11_RECT'
              C:\Program Files (x86)\Windows Kits\10\Include\10.0.26100.0\winrt\wrl\client.h(594,9):
              No user-defined-conversion operator available that can perform this conversion, or the operator cannot be called
      C:\Program Files (x86)\Windows Kits\10\Include\10.0.26100.0\um\d3d11.h(1368,13):
      or 'bool dx3d::operator ==(const dx3d::D3D11_BOX &,const dx3d::D3D11_BOX &)' [synthesized expression '!(y == x)']
          C:\Program Files (x86)\Windows Kits\10\Include\10.0.26100.0\winrt\wrl\client.h(594,9):
          'bool dx3d::operator ==(const dx3d::D3D11_BOX &,const dx3d::D3D11_BOX &)': cannot convert argument 1 from 'const _GUID' to 'const dx3d::D3D11_BOX &'
              C:\Program Files (x86)\Windows Kits\10\Include\10.0.26100.0\winrt\wrl\client.h(594,9):
              Reason: cannot convert from 'const _GUID' to 'const dx3d::D3D11_BOX'
              C:\Program Files (x86)\Windows Kits\10\Include\10.0.26100.0\winrt\wrl\client.h(594,9):
              No user-defined-conversion operator available that can perform this conversion, or the operator cannot be called
      C:\Program Files (x86)\Windows Kits\10\Include\10.0.26100.0\winrt\wrl\client.h(594,9):
      while trying to match the argument list '(const dx3d::IID, const _GUID)'
  
C:\Program Files (x86)\Windows Kits\10\Include\10.0.26100.0\winrt\wrl\client.h(913,38): error C3083: 'Microsoft': the symbol to the left of a '::' must be a type
  (compiling source file 'DeviceContext.cpp')
  
C:\Program Files (x86)\Windows Kits\10\Include\10.0.26100.0\winrt\wrl\client.h(913,49): error C3083: 'WRL': the symbol to the left of a '::' must be a type
  (compiling source file 'DeviceContext.cpp')
  
C:\Program Files (x86)\Windows Kits\10\Include\10.0.26100.0\winrt\wrl\client.h(913,54): error C3083: 'Details': the symbol to the left of a '::' must be a type
  (compiling source file 'DeviceContext.cpp')
  
C:\Program Files (x86)\Windows Kits\10\Include\10.0.26100.0\winrt\wrl\client.h(913,63): error C2039: 'ComPtrRef': is not a member of '`global namespace''
  (compiling source file 'DeviceContext.cpp')
  
C:\Program Files (x86)\Windows Kits\10\Include\10.0.26100.0\winrt\wrl\client.h(913,63): error C7568: argument list missing after assumed function template 'ComPtrRef'
  (compiling source file 'DeviceContext.cpp')
  
C:\Program Files (x86)\Windows Kits\10\Include\10.0.26100.0\winrt\wrl\client.h(913,27): error C2988: unrecognizable template declaration/definition
  (compiling source file 'DeviceContext.cpp')
  
C:\Program Files (x86)\Windows Kits\10\Include\10.0.26100.0\winrt\wrl\client.h(913,27): error C2143: syntax error: missing ';' before '<parameter-list>'
  (compiling source file 'DeviceContext.cpp')
  
C:\Program Files (x86)\Windows Kits\10\Include\10.0.26100.0\winrt\wrl\client.h(913,8): error C2365: 'dx3d::IID_PPV_ARGS_Helper': redefinition; previous definition was 'function'
  (compiling source file 'DeviceContext.cpp')
      C:\Program Files (x86)\Windows Kits\10\Include\10.0.26100.0\um\combaseapi.h(202,84):
      see declaration of 'dx3d::IID_PPV_ARGS_Helper'
  
C:\Program Files (x86)\Windows Kits\10\Include\10.0.26100.0\winrt\wrl\client.h(913,27): error C2059: syntax error: '<parameter-list>'
  (compiling source file 'DeviceContext.cpp')
  
C:\Program Files (x86)\Windows Kits\10\Include\10.0.26100.0\winrt\wrl\client.h(914,1): error C2143: syntax error: missing ';' before '{'
  (compiling source file 'DeviceContext.cpp')
  
C:\Program Files (x86)\Windows Kits\10\Include\10.0.26100.0\winrt\wrl\client.h(914,1): error C2447: '{': missing function header (old-style formal list?)
  (compiling source file 'DeviceContext.cpp')
  
C:\Program Files (x86)\Windows Kits\10\Include\10.0.26100.0\winrt\wrl\client.h(921,38): error C3083: 'Microsoft': the symbol to the left of a '::' must be a type
  (compiling source file 'DeviceContext.cpp')
  
C:\Program Files (x86)\Windows Kits\10\Include\10.0.26100.0\winrt\wrl\client.h(921,49): error C3083: 'WRL': the symbol to the left of a '::' must be a type
  (compiling source file 'DeviceContext.cpp')
  
C:\Program Files (x86)\Windows Kits\10\Include\10.0.26100.0\winrt\wrl\client.h(921,54): error C3083: 'Details': the symbol to the left of a '::' must be a type
  (compiling source file 'DeviceContext.cpp')
  
C:\Program Files (x86)\Windows Kits\10\Include\10.0.26100.0\winrt\wrl\client.h(921,63): error C2039: 'ComPtrRef': is not a member of '`global namespace''
  (compiling source file 'DeviceContext.cpp')
  
C:\Program Files (x86)\Windows Kits\10\Include\10.0.26100.0\winrt\wrl\client.h(921,63): error C7568: argument list missing after assumed function template 'ComPtrRef'
  (compiling source file 'DeviceContext.cpp')
  
C:\Program Files (x86)\Windows Kits\10\Include\10.0.26100.0\winrt\wrl\client.h(921,27): error C2988: unrecognizable template declaration/definition
  (compiling source file 'DeviceContext.cpp')
  
C:\Program Files (x86)\Windows Kits\10\Include\10.0.26100.0\winrt\wrl\client.h(921,27): error C2143: syntax error: missing ';' before '<parameter-list>'
  (compiling source file 'DeviceContext.cpp')
  
C:\Program Files (x86)\Windows Kits\10\Include\10.0.26100.0\winrt\wrl\client.h(921,8): error C2365: 'dx3d::IID_INS_ARGS_Helper': redefinition; previous definition was 'function'
  (compiling source file 'DeviceContext.cpp')
      C:\Program Files (x86)\Windows Kits\10\Include\10.0.26100.0\winrt\inspectable.h(215,84):
      see declaration of 'dx3d::IID_INS_ARGS_Helper'
  
C:\Program Files (x86)\Windows Kits\10\Include\10.0.26100.0\winrt\wrl\client.h(921,27): error C2059: syntax error: '<parameter-list>'
  (compiling source file 'DeviceContext.cpp')
  
C:\Program Files (x86)\Windows Kits\10\Include\10.0.26100.0\winrt\wrl\client.h(922,1): error C2143: syntax error: missing ';' before '{'
  (compiling source file 'DeviceContext.cpp')
  
C:\Program Files (x86)\Windows Kits\10\Include\10.0.26100.0\winrt\wrl\client.h(922,1): error C2447: '{': missing function header (old-style formal list?)
  (compiling source file 'DeviceContext.cpp')
  
C:\Program Files (x86)\Windows Kits\10\Include\10.0.26100.0\winrt\wrl\client.h(934,23): error C3083: 'Microsoft': the symbol to the left of a '::' must be a type
  (compiling source file 'DeviceContext.cpp')
  
C:\Program Files (x86)\Windows Kits\10\Include\10.0.26100.0\winrt\wrl\client.h(934,34): error C3083: 'WRL': the symbol to the left of a '::' must be a type
  (compiling source file 'DeviceContext.cpp')
  
C:\Program Files (x86)\Windows Kits\10\Include\10.0.26100.0\winrt\wrl\client.h(934,39): error C3083: 'Details': the symbol to the left of a '::' must be a type
  (compiling source file 'DeviceContext.cpp')
  
C:\Program Files (x86)\Windows Kits\10\Include\10.0.26100.0\winrt\wrl\client.h(934,48): error C2039: 'ComPtrRef': is not a member of '`global namespace''
  (compiling source file 'DeviceContext.cpp')
  
C:\Program Files (x86)\Windows Kits\10\Include\10.0.26100.0\winrt\wrl\client.h(934,48): error C2061: syntax error: identifier 'ComPtrRef'
  (compiling source file 'DeviceContext.cpp')
  
C:\Program Files (x86)\Windows Kits\10\Include\10.0.26100.0\winrt\wrl\client.h(936,57): error C3861: 'instance': identifier not found
  (compiling source file 'DeviceContext.cpp')
  
C:\Program Files (x86)\Windows Kits\10\Include\10.0.26100.0\winrt\wrl\client.h(936,57): error C2065: 'instance': undeclared identifier
  (compiling source file 'DeviceContext.cpp')
  
C:\Program Files (x86)\Windows Kits\10\Include\10.0.26100.0\winrt\wrl\client.h(942,23): error C3083: 'Microsoft': the symbol to the left of a '::' must be a type
  (compiling source file 'DeviceContext.cpp')
  
C:\Program Files (x86)\Windows Kits\10\Include\10.0.26100.0\winrt\wrl\client.h(942,34): error C3083: 'WRL': the symbol to the left of a '::' must be a type
  (compiling source file 'DeviceContext.cpp')
  
C:\Program Files (x86)\Windows Kits\10\Include\10.0.26100.0\winrt\wrl\client.h(942,39): error C3083: 'Details': the symbol to the left of a '::' must be a type
  (compiling source file 'DeviceContext.cpp')
  
C:\Program Files (x86)\Windows Kits\10\Include\10.0.26100.0\winrt\wrl\client.h(942,48): error C2039: 'ComPtrRef': is not a member of '`global namespace''
  (compiling source file 'DeviceContext.cpp')
  
C:\Program Files (x86)\Windows Kits\10\Include\10.0.26100.0\winrt\wrl\client.h(942,48): error C2061: syntax error: identifier 'ComPtrRef'
  (compiling source file 'DeviceContext.cpp')
  
C:\Program Files (x86)\Windows Kits\10\Include\10.0.26100.0\winrt\wrl\client.h(944,61): error C3861: 'factory': identifier not found
  (compiling source file 'DeviceContext.cpp')
  
C:\Program Files (x86)\Windows Kits\10\Include\10.0.26100.0\winrt\wrl\client.h(944,61): error C2065: 'factory': undeclared identifier
  (compiling source file 'DeviceContext.cpp')
  
C:\Program Files (x86)\Windows Kits\10\Include\10.0.26100.0\winrt\wrl\client.h(958,27): error C3083: 'Microsoft': the symbol to the left of a '::' must be a type
  (compiling source file 'DeviceContext.cpp')
  
C:\Program Files (x86)\Windows Kits\10\Include\10.0.26100.0\winrt\wrl\client.h(958,38): error C3083: 'WRL': the symbol to the left of a '::' must be a type
  (compiling source file 'DeviceContext.cpp')
  
C:\Program Files (x86)\Windows Kits\10\Include\10.0.26100.0\winrt\wrl\client.h(958,43): error C3083: 'Details': the symbol to the left of a '::' must be a type
  (compiling source file 'DeviceContext.cpp')
  
C:\Program Files (x86)\Windows Kits\10\Include\10.0.26100.0\winrt\wrl\client.h(958,52): error C2039: 'ComPtrRef': is not a member of '`global namespace''
  (compiling source file 'DeviceContext.cpp')
  
C:\Program Files (x86)\Windows Kits\10\Include\10.0.26100.0\winrt\wrl\client.h(958,52): error C2061: syntax error: identifier 'ComPtrRef'
  (compiling source file 'DeviceContext.cpp')
  
C:\Program Files (x86)\Windows Kits\10\Include\10.0.26100.0\winrt\wrl\client.h(960,61): error C3861: 'instance': identifier not found
  (compiling source file 'DeviceContext.cpp')
  
C:\Program Files (x86)\Windows Kits\10\Include\10.0.26100.0\winrt\wrl\client.h(960,61): error C2065: 'instance': undeclared identifier
  (compiling source file 'DeviceContext.cpp')
  
C:\Program Files (x86)\Windows Kits\10\Include\10.0.26100.0\winrt\wrl\client.h(966,27): error C3083: 'Microsoft': the symbol to the left of a '::' must be a type
  (compiling source file 'DeviceContext.cpp')
  
C:\Program Files (x86)\Windows Kits\10\Include\10.0.26100.0\winrt\wrl\client.h(966,38): error C3083: 'WRL': the symbol to the left of a '::' must be a type
  (compiling source file 'DeviceContext.cpp')
  
C:\Program Files (x86)\Windows Kits\10\Include\10.0.26100.0\winrt\wrl\client.h(966,43): error C3083: 'Details': the symbol to the left of a '::' must be a type
  (compiling source file 'DeviceContext.cpp')
  
C:\Program Files (x86)\Windows Kits\10\Include\10.0.26100.0\winrt\wrl\client.h(966,52): error C2039: 'ComPtrRef': is not a member of '`global namespace''
  (compiling source file 'DeviceContext.cpp')
  
C:\Program Files (x86)\Windows Kits\10\Include\10.0.26100.0\winrt\wrl\client.h(966,52): error C2061: syntax error: identifier 'ComPtrRef'
  (compiling source file 'DeviceContext.cpp')
  
C:\Program Files (x86)\Windows Kits\10\Include\10.0.26100.0\winrt\wrl\client.h(968,65): error C3861: 'factory': identifier not found
  (compiling source file 'DeviceContext.cpp')
  
C:\Program Files (x86)\Windows Kits\10\Include\10.0.26100.0\winrt\wrl\client.h(968,65): error C2065: 'factory': undeclared identifier
  (compiling source file 'DeviceContext.cpp')
  
C:\Program Files (x86)\Windows Kits\10\Include\10.0.26100.0\winrt\wrl\client.h(725,9): error C2678: binary '!=': no operator found which takes a left-hand operand of type 'const _GUID' (or there is no acceptable conversion)
  (compiling source file 'SwapChain.cpp')
      C:\Program Files (x86)\Windows Kits\10\Include\10.0.26100.0\um\d3d11.h(1373,13):
      could be 'bool dx3d::operator !=(const dx3d::D3D11_BOX &,const dx3d::D3D11_BOX &)'
          C:\Program Files (x86)\Windows Kits\10\Include\10.0.26100.0\winrt\wrl\client.h(725,9):
          'bool dx3d::operator !=(const dx3d::D3D11_BOX &,const dx3d::D3D11_BOX &)': cannot convert argument 1 from 'const dx3d::IID' to 'const dx3d::D3D11_BOX &'
              C:\Program Files (x86)\Windows Kits\10\Include\10.0.26100.0\winrt\wrl\client.h(725,9):
              Reason: cannot convert from 'const dx3d::IID' to 'const dx3d::D3D11_BOX'
              C:\Program Files (x86)\Windows Kits\10\Include\10.0.26100.0\winrt\wrl\client.h(725,9):
              No user-defined-conversion operator available that can perform this conversion, or the operator cannot be called
      C:\Program Files (x86)\Windows Kits\10\Include\10.0.26100.0\um\d3d11.h(1329,13):
      or       'bool dx3d::operator !=(const dx3d::D3D11_RECT &,const dx3d::D3D11_RECT &)'
          C:\Program Files (x86)\Windows Kits\10\Include\10.0.26100.0\winrt\wrl\client.h(725,9):
          'bool dx3d::operator !=(const dx3d::D3D11_RECT &,const dx3d::D3D11_RECT &)': cannot convert argument 1 from 'const dx3d::IID' to 'const dx3d::D3D11_RECT &'
              C:\Program Files (x86)\Windows Kits\10\Include\10.0.26100.0\winrt\wrl\client.h(725,9):
              Reason: cannot convert from 'const dx3d::IID' to 'const dx3d::D3D11_RECT'
              C:\Program Files (x86)\Windows Kits\10\Include\10.0.26100.0\winrt\wrl\client.h(725,9):
              No user-defined-conversion operator available that can perform this conversion, or the operator cannot be called
      C:\Program Files (x86)\Windows Kits\10\Include\10.0.26100.0\um\d3d11.h(1145,13):
      or       'bool dx3d::operator !=(const dx3d::D3D11_VIEWPORT &,const dx3d::D3D11_VIEWPORT &)'
          C:\Program Files (x86)\Windows Kits\10\Include\10.0.26100.0\winrt\wrl\client.h(725,9):
          'bool dx3d::operator !=(const dx3d::D3D11_VIEWPORT &,const dx3d::D3D11_VIEWPORT &)': cannot convert argument 1 from 'const dx3d::IID' to 'const dx3d::D3D11_VIEWPORT &'
              C:\Program Files (x86)\Windows Kits\10\Include\10.0.26100.0\winrt\wrl\client.h(725,9):
              Reason: cannot convert from 'const dx3d::IID' to 'const dx3d::D3D11_VIEWPORT'
              C:\Program Files (x86)\Windows Kits\10\Include\10.0.26100.0\winrt\wrl\client.h(725,9):
              No user-defined-conversion operator available that can perform this conversion, or the operator cannot be called
      C:\Program Files (x86)\Windows Kits\10\Include\10.0.26100.0\shared\guiddef.h(197,15):
      or       'bool dx3d::operator !=(const dx3d::GUID &,const dx3d::GUID &)'
          C:\Program Files (x86)\Windows Kits\10\Include\10.0.26100.0\winrt\wrl\client.h(725,9):
          'bool dx3d::operator !=(const dx3d::GUID &,const dx3d::GUID &)': cannot convert argument 2 from 'const _GUID' to 'const dx3d::GUID &'
              C:\Program Files (x86)\Windows Kits\10\Include\10.0.26100.0\winrt\wrl\client.h(725,9):
              Reason: cannot convert from 'const _GUID' to 'const dx3d::GUID'
              C:\Program Files (x86)\Windows Kits\10\Include\10.0.26100.0\winrt\wrl\client.h(725,9):
              No user-defined-conversion operator available that can perform this conversion, or the operator cannot be called
      C:\Program Files (x86)\Windows Kits\10\Include\10.0.26100.0\shared\guiddef.h(192,15):
      or 'bool dx3d::operator ==(const dx3d::GUID &,const dx3d::GUID &)' [rewritten expression '!(x == y)']
          C:\Program Files (x86)\Windows Kits\10\Include\10.0.26100.0\winrt\wrl\client.h(725,9):
          'bool dx3d::operator ==(const dx3d::GUID &,const dx3d::GUID &)': cannot convert argument 2 from 'const _GUID' to 'const dx3d::GUID &'
              C:\Program Files (x86)\Windows Kits\10\Include\10.0.26100.0\winrt\wrl\client.h(725,9):
              Reason: cannot convert from 'const _GUID' to 'const dx3d::GUID'
              C:\Program Files (x86)\Windows Kits\10\Include\10.0.26100.0\winrt\wrl\client.h(725,9):
              No user-defined-conversion operator available that can perform this conversion, or the operator cannot be called
      C:\Program Files (x86)\Windows Kits\10\Include\10.0.26100.0\um\d3d11.h(1140,13):
      or 'bool dx3d::operator ==(const dx3d::D3D11_VIEWPORT &,const dx3d::D3D11_VIEWPORT &)' [rewritten expression '!(x == y)']
          C:\Program Files (x86)\Windows Kits\10\Include\10.0.26100.0\winrt\wrl\client.h(725,9):
          'bool dx3d::operator ==(const dx3d::D3D11_VIEWPORT &,const dx3d::D3D11_VIEWPORT &)': cannot convert argument 1 from 'const dx3d::IID' to 'const dx3d::D3D11_VIEWPORT &'
              C:\Program Files (x86)\Windows Kits\10\Include\10.0.26100.0\winrt\wrl\client.h(725,9):
              Reason: cannot convert from 'const dx3d::IID' to 'const dx3d::D3D11_VIEWPORT'
              C:\Program Files (x86)\Windows Kits\10\Include\10.0.26100.0\winrt\wrl\client.h(725,9):
              No user-defined-conversion operator available that can perform this conversion, or the operator cannot be called
      C:\Program Files (x86)\Windows Kits\10\Include\10.0.26100.0\um\d3d11.h(1324,13):
      or 'bool dx3d::operator ==(const dx3d::D3D11_RECT &,const dx3d::D3D11_RECT &)' [rewritten expression '!(x == y)']
          C:\Program Files (x86)\Windows Kits\10\Include\10.0.26100.0\winrt\wrl\client.h(725,9):
          'bool dx3d::operator ==(const dx3d::D3D11_RECT &,const dx3d::D3D11_RECT &)': cannot convert argument 1 from 'const dx3d::IID' to 'const dx3d::D3D11_RECT &'
              C:\Program Files (x86)\Windows Kits\10\Include\10.0.26100.0\winrt\wrl\client.h(725,9):
              Reason: cannot convert from 'const dx3d::IID' to 'const dx3d::D3D11_RECT'
              C:\Program Files (x86)\Windows Kits\10\Include\10.0.26100.0\winrt\wrl\client.h(725,9):
              No user-defined-conversion operator available that can perform this conversion, or the operator cannot be called
      C:\Program Files (x86)\Windows Kits\10\Include\10.0.26100.0\um\d3d11.h(1368,13):
      or 'bool dx3d::operator ==(const dx3d::D3D11_BOX &,const dx3d::D3D11_BOX &)' [rewritten expression '!(x == y)']
          C:\Program Files (x86)\Windows Kits\10\Include\10.0.26100.0\winrt\wrl\client.h(725,9):
          'bool dx3d::operator ==(const dx3d::D3D11_BOX &,const dx3d::D3D11_BOX &)': cannot convert argument 1 from 'const dx3d::IID' to 'const dx3d::D3D11_BOX &'
              C:\Program Files (x86)\Windows Kits\10\Include\10.0.26100.0\winrt\wrl\client.h(725,9):
              Reason: cannot convert from 'const dx3d::IID' to 'const dx3d::D3D11_BOX'
              C:\Program Files (x86)\Windows Kits\10\Include\10.0.26100.0\winrt\wrl\client.h(725,9):
              No user-defined-conversion operator available that can perform this conversion, or the operator cannot be called
      C:\Program Files (x86)\Windows Kits\10\Include\10.0.26100.0\shared\guiddef.h(192,15):
      or 'bool dx3d::operator ==(const dx3d::GUID &,const dx3d::GUID &)' [synthesized expression '!(y == x)']
          C:\Program Files (x86)\Windows Kits\10\Include\10.0.26100.0\winrt\wrl\client.h(725,9):
          'bool dx3d::operator ==(const dx3d::GUID &,const dx3d::GUID &)': cannot convert argument 1 from 'const _GUID' to 'const dx3d::GUID &'
              C:\Program Files (x86)\Windows Kits\10\Include\10.0.26100.0\winrt\wrl\client.h(725,9):
              Reason: cannot convert from 'const _GUID' to 'const dx3d::GUID'
              C:\Program Files (x86)\Windows Kits\10\Include\10.0.26100.0\winrt\wrl\client.h(725,9):
              No user-defined-conversion operator available that can perform this conversion, or the operator cannot be called
      C:\Program Files (x86)\Windows Kits\10\Include\10.0.26100.0\um\d3d11.h(1140,13):
      or 'bool dx3d::operator ==(const dx3d::D3D11_VIEWPORT &,const dx3d::D3D11_VIEWPORT &)' [synthesized expression '!(y == x)']
          C:\Program Files (x86)\Windows Kits\10\Include\10.0.26100.0\winrt\wrl\client.h(725,9):
          'bool dx3d::operator ==(const dx3d::D3D11_VIEWPORT &,const dx3d::D3D11_VIEWPORT &)': cannot convert argument 1 from 'const _GUID' to 'const dx3d::D3D11_VIEWPORT &'
              C:\Program Files (x86)\Windows Kits\10\Include\10.0.26100.0\winrt\wrl\client.h(725,9):
              Reason: cannot convert from 'const _GUID' to 'const dx3d::D3D11_VIEWPORT'
              C:\Program Files (x86)\Windows Kits\10\Include\10.0.26100.0\winrt\wrl\client.h(725,9):
              No user-defined-conversion operator available that can perform this conversion, or the operator cannot be called
      C:\Program Files (x86)\Windows Kits\10\Include\10.0.26100.0\um\d3d11.h(1324,13):
      or 'bool dx3d::operator ==(const dx3d::D3D11_RECT &,const dx3d::D3D11_RECT &)' [synthesized expression '!(y == x)']
          C:\Program Files (x86)\Windows Kits\10\Include\10.0.26100.0\winrt\wrl\client.h(725,9):
          'bool dx3d::operator ==(const dx3d::D3D11_RECT &,const dx3d::D3D11_RECT &)': cannot convert argument 1 from 'const _GUID' to 'const dx3d::D3D11_RECT &'
              C:\Program Files (x86)\Windows Kits\10\Include\10.0.26100.0\winrt\wrl\client.h(725,9):
              Reason: cannot convert from 'const _GUID' to 'const dx3d::D3D11_RECT'
              C:\Program Files (x86)\Windows Kits\10\Include\10.0.26100.0\winrt\wrl\client.h(725,9):
              No user-defined-conversion operator available that can perform this conversion, or the operator cannot be called
      C:\Program Files (x86)\Windows Kits\10\Include\10.0.26100.0\um\d3d11.h(1368,13):
      or 'bool dx3d::operator ==(const dx3d::D3D11_BOX &,const dx3d::D3D11_BOX &)' [synthesized expression '!(y == x)']
          C:\Program Files (x86)\Windows Kits\10\Include\10.0.26100.0\winrt\wrl\client.h(725,9):
          'bool dx3d::operator ==(const dx3d::D3D11_BOX &,const dx3d::D3D11_BOX &)': cannot convert argument 1 from 'const _GUID' to 'const dx3d::D3D11_BOX &'
              C:\Program Files (x86)\Windows Kits\10\Include\10.0.26100.0\winrt\wrl\client.h(725,9):
              Reason: cannot convert from 'const _GUID' to 'const dx3d::D3D11_BOX'
              C:\Program Files (x86)\Windows Kits\10\Include\10.0.26100.0\winrt\wrl\client.h(725,9):
              No user-defined-conversion operator available that can perform this conversion, or the operator cannot be called
      C:\Program Files (x86)\Windows Kits\10\Include\10.0.26100.0\winrt\wrl\client.h(725,9):
      while trying to match the argument list '(const dx3d::IID, const _GUID)'
  
C:\Program Files (x86)\Windows Kits\10\Include\10.0.26100.0\winrt\wrl\client.h(732,9): error C2678: binary '!=': no operator found which takes a left-hand operand of type 'const _GUID' (or there is no acceptable conversion)
  (compiling source file 'SwapChain.cpp')
      C:\Program Files (x86)\Windows Kits\10\Include\10.0.26100.0\um\d3d11.h(1373,13):
      could be 'bool dx3d::operator !=(const dx3d::D3D11_BOX &,const dx3d::D3D11_BOX &)'
          C:\Program Files (x86)\Windows Kits\10\Include\10.0.26100.0\winrt\wrl\client.h(732,9):
          'bool dx3d::operator !=(const dx3d::D3D11_BOX &,const dx3d::D3D11_BOX &)': cannot convert argument 1 from 'const dx3d::IID' to 'const dx3d::D3D11_BOX &'
              C:\Program Files (x86)\Windows Kits\10\Include\10.0.26100.0\winrt\wrl\client.h(732,9):
              Reason: cannot convert from 'const dx3d::IID' to 'const dx3d::D3D11_BOX'
              C:\Program Files (x86)\Windows Kits\10\Include\10.0.26100.0\winrt\wrl\client.h(732,9):
              No user-defined-conversion operator available that can perform this conversion, or the operator cannot be called
      C:\Program Files (x86)\Windows Kits\10\Include\10.0.26100.0\um\d3d11.h(1329,13):
      or       'bool dx3d::operator !=(const dx3d::D3D11_RECT &,const dx3d::D3D11_RECT &)'
          C:\Program Files (x86)\Windows Kits\10\Include\10.0.26100.0\winrt\wrl\client.h(732,9):
          'bool dx3d::operator !=(const dx3d::D3D11_RECT &,const dx3d::D3D11_RECT &)': cannot convert argument 1 from 'const dx3d::IID' to 'const dx3d::D3D11_RECT &'
              C:\Program Files (x86)\Windows Kits\10\Include\10.0.26100.0\winrt\wrl\client.h(732,9):
              Reason: cannot convert from 'const dx3d::IID' to 'const dx3d::D3D11_RECT'
              C:\Program Files (x86)\Windows Kits\10\Include\10.0.26100.0\winrt\wrl\client.h(732,9):
              No user-defined-conversion operator available that can perform this conversion, or the operator cannot be called
      C:\Program Files (x86)\Windows Kits\10\Include\10.0.26100.0\um\d3d11.h(1145,13):
      or       'bool dx3d::operator !=(const dx3d::D3D11_VIEWPORT &,const dx3d::D3D11_VIEWPORT &)'
          C:\Program Files (x86)\Windows Kits\10\Include\10.0.26100.0\winrt\wrl\client.h(732,9):
          'bool dx3d::operator !=(const dx3d::D3D11_VIEWPORT &,const dx3d::D3D11_VIEWPORT &)': cannot convert argument 1 from 'const dx3d::IID' to 'const dx3d::D3D11_VIEWPORT &'
              C:\Program Files (x86)\Windows Kits\10\Include\10.0.26100.0\winrt\wrl\client.h(732,9):
              Reason: cannot convert from 'const dx3d::IID' to 'const dx3d::D3D11_VIEWPORT'
              C:\Program Files (x86)\Windows Kits\10\Include\10.0.26100.0\winrt\wrl\client.h(732,9):
              No user-defined-conversion operator available that can perform this conversion, or the operator cannot be called
      C:\Program Files (x86)\Windows Kits\10\Include\10.0.26100.0\shared\guiddef.h(197,15):
      or       'bool dx3d::operator !=(const dx3d::GUID &,const dx3d::GUID &)'
          C:\Program Files (x86)\Windows Kits\10\Include\10.0.26100.0\winrt\wrl\client.h(732,9):
          'bool dx3d::operator !=(const dx3d::GUID &,const dx3d::GUID &)': cannot convert argument 2 from 'const _GUID' to 'const dx3d::GUID &'
              C:\Program Files (x86)\Windows Kits\10\Include\10.0.26100.0\winrt\wrl\client.h(732,9):
              Reason: cannot convert from 'const _GUID' to 'const dx3d::GUID'
              C:\Program Files (x86)\Windows Kits\10\Include\10.0.26100.0\winrt\wrl\client.h(732,9):
              No user-defined-conversion operator available that can perform this conversion, or the operator cannot be called
      C:\Program Files (x86)\Windows Kits\10\Include\10.0.26100.0\shared\guiddef.h(192,15):
      or 'bool dx3d::operator ==(const dx3d::GUID &,const dx3d::GUID &)' [rewritten expression '!(x == y)']
          C:\Program Files (x86)\Windows Kits\10\Include\10.0.26100.0\winrt\wrl\client.h(732,9):
          'bool dx3d::operator ==(const dx3d::GUID &,const dx3d::GUID &)': cannot convert argument 2 from 'const _GUID' to 'const dx3d::GUID &'
              C:\Program Files (x86)\Windows Kits\10\Include\10.0.26100.0\winrt\wrl\client.h(732,9):
              Reason: cannot convert from 'const _GUID' to 'const dx3d::GUID'
              C:\Program Files (x86)\Windows Kits\10\Include\10.0.26100.0\winrt\wrl\client.h(732,9):
              No user-defined-conversion operator available that can perform this conversion, or the operator cannot be called
      C:\Program Files (x86)\Windows Kits\10\Include\10.0.26100.0\um\d3d11.h(1140,13):
      or 'bool dx3d::operator ==(const dx3d::D3D11_VIEWPORT &,const dx3d::D3D11_VIEWPORT &)' [rewritten expression '!(x == y)']
          C:\Program Files (x86)\Windows Kits\10\Include\10.0.26100.0\winrt\wrl\client.h(732,9):
          'bool dx3d::operator ==(const dx3d::D3D11_VIEWPORT &,const dx3d::D3D11_VIEWPORT &)': cannot convert argument 1 from 'const dx3d::IID' to 'const dx3d::D3D11_VIEWPORT &'
              C:\Program Files (x86)\Windows Kits\10\Include\10.0.26100.0\winrt\wrl\client.h(732,9):
              Reason: cannot convert from 'const dx3d::IID' to 'const dx3d::D3D11_VIEWPORT'
              C:\Program Files (x86)\Windows Kits\10\Include\10.0.26100.0\winrt\wrl\client.h(732,9):
              No user-defined-conversion operator available that can perform this conversion, or the operator cannot be called
      C:\Program Files (x86)\Windows Kits\10\Include\10.0.26100.0\um\d3d11.h(1324,13):
      or 'bool dx3d::operator ==(const dx3d::D3D11_RECT &,const dx3d::D3D11_RECT &)' [rewritten expression '!(x == y)']
          C:\Program Files (x86)\Windows Kits\10\Include\10.0.26100.0\winrt\wrl\client.h(732,9):
          'bool dx3d::operator ==(const dx3d::D3D11_RECT &,const dx3d::D3D11_RECT &)': cannot convert argument 1 from 'const dx3d::IID' to 'const dx3d::D3D11_RECT &'
              C:\Program Files (x86)\Windows Kits\10\Include\10.0.26100.0\winrt\wrl\client.h(732,9):
              Reason: cannot convert from 'const dx3d::IID' to 'const dx3d::D3D11_RECT'
              C:\Program Files (x86)\Windows Kits\10\Include\10.0.26100.0\winrt\wrl\client.h(732,9):
              No user-defined-conversion operator available that can perform this conversion, or the operator cannot be called
      C:\Program Files (x86)\Windows Kits\10\Include\10.0.26100.0\um\d3d11.h(1368,13):
      or 'bool dx3d::operator ==(const dx3d::D3D11_BOX &,const dx3d::D3D11_BOX &)' [rewritten expression '!(x == y)']
          C:\Program Files (x86)\Windows Kits\10\Include\10.0.26100.0\winrt\wrl\client.h(732,9):
          'bool dx3d::operator ==(const dx3d::D3D11_BOX &,const dx3d::D3D11_BOX &)': cannot convert argument 1 from 'const dx3d::IID' to 'const dx3d::D3D11_BOX &'
              C:\Program Files (x86)\Windows Kits\10\Include\10.0.26100.0\winrt\wrl\client.h(732,9):
              Reason: cannot convert from 'const dx3d::IID' to 'const dx3d::D3D11_BOX'
              C:\Program Files (x86)\Windows Kits\10\Include\10.0.26100.0\winrt\wrl\client.h(732,9):
              No user-defined-conversion operator available that can perform this conversion, or the operator cannot be called
      C:\Program Files (x86)\Windows Kits\10\Include\10.0.26100.0\shared\guiddef.h(192,15):
      or 'bool dx3d::operator ==(const dx3d::GUID &,const dx3d::GUID &)' [synthesized expression '!(y == x)']
          C:\Program Files (x86)\Windows Kits\10\Include\10.0.26100.0\winrt\wrl\client.h(732,9):
          'bool dx3d::operator ==(const dx3d::GUID &,const dx3d::GUID &)': cannot convert argument 1 from 'const _GUID' to 'const dx3d::GUID &'
              C:\Program Files (x86)\Windows Kits\10\Include\10.0.26100.0\winrt\wrl\client.h(732,9):
              Reason: cannot convert from 'const _GUID' to 'const dx3d::GUID'
              C:\Program Files (x86)\Windows Kits\10\Include\10.0.26100.0\winrt\wrl\client.h(732,9):
              No user-defined-conversion operator available that can perform this conversion, or the operator cannot be called
      C:\Program Files (x86)\Windows Kits\10\Include\10.0.26100.0\um\d3d11.h(1140,13):
      or 'bool dx3d::operator ==(const dx3d::D3D11_VIEWPORT &,const dx3d::D3D11_VIEWPORT &)' [synthesized expression '!(y == x)']
          C:\Program Files (x86)\Windows Kits\10\Include\10.0.26100.0\winrt\wrl\client.h(732,9):
          'bool dx3d::operator ==(const dx3d::D3D11_VIEWPORT &,const dx3d::D3D11_VIEWPORT &)': cannot convert argument 1 from 'const _GUID' to 'const dx3d::D3D11_VIEWPORT &'
              C:\Program Files (x86)\Windows Kits\10\Include\10.0.26100.0\winrt\wrl\client.h(732,9):
              Reason: cannot convert from 'const _GUID' to 'const dx3d::D3D11_VIEWPORT'
              C:\Program Files (x86)\Windows Kits\10\Include\10.0.26100.0\winrt\wrl\client.h(732,9):
              No user-defined-conversion operator available that can perform this conversion, or the operator cannot be called
      C:\Program Files (x86)\Windows Kits\10\Include\10.0.26100.0\um\d3d11.h(1324,13):
      or 'bool dx3d::operator ==(const dx3d::D3D11_RECT &,const dx3d::D3D11_RECT &)' [synthesized expression '!(y == x)']
          C:\Program Files (x86)\Windows Kits\10\Include\10.0.26100.0\winrt\wrl\client.h(732,9):
          'bool dx3d::operator ==(const dx3d::D3D11_RECT &,const dx3d::D3D11_RECT &)': cannot convert argument 1 from 'const _GUID' to 'const dx3d::D3D11_RECT &'
              C:\Program Files (x86)\Windows Kits\10\Include\10.0.26100.0\winrt\wrl\client.h(732,9):
              Reason: cannot convert from 'const _GUID' to 'const dx3d::D3D11_RECT'
              C:\Program Files (x86)\Windows Kits\10\Include\10.0.26100.0\winrt\wrl\client.h(732,9):
              No user-defined-conversion operator available that can perform this conversion, or the operator cannot be called
      C:\Program Files (x86)\Windows Kits\10\Include\10.0.26100.0\um\d3d11.h(1368,13):
      or 'bool dx3d::operator ==(const dx3d::D3D11_BOX &,const dx3d::D3D11_BOX &)' [synthesized expression '!(y == x)']
          C:\Program Files (x86)\Windows Kits\10\Include\10.0.26100.0\winrt\wrl\client.h(732,9):
          'bool dx3d::operator ==(const dx3d::D3D11_BOX &,const dx3d::D3D11_BOX &)': cannot convert argument 1 from 'const _GUID' to 'const dx3d::D3D11_BOX &'
              C:\Program Files (x86)\Windows Kits\10\Include\10.0.26100.0\winrt\wrl\client.h(732,9):
              Reason: cannot convert from 'const _GUID' to 'const dx3d::D3D11_BOX'
              C:\Program Files (x86)\Windows Kits\10\Include\10.0.26100.0\winrt\wrl\client.h(732,9):
              No user-defined-conversion operator available that can perform this conversion, or the operator cannot be called
      C:\Program Files (x86)\Windows Kits\10\Include\10.0.26100.0\winrt\wrl\client.h(732,9):
      while trying to match the argument list '(const dx3d::IID, const _GUID)'
  
C:\Program Files (x86)\Windows Kits\10\Include\10.0.26100.0\winrt\roerrorapi.h(147,26): error C2039: 'RoGetErrorReportingFlags': is not a member of '`global namespace''
  (compiling source file 'DeviceContext.cpp')
  
C:\Program Files (x86)\Windows Kits\10\Include\10.0.26100.0\winrt\roerrorapi.h(152,26): error C2039: 'RoSetErrorReportingFlags': is not a member of '`global namespace''
  (compiling source file 'DeviceContext.cpp')
  
C:\Program Files (x86)\Windows Kits\10\Include\10.0.26100.0\winrt\roerrorapi.h(166,26): error C2039: 'RoOriginateErrorW': is not a member of '`global namespace''
  (compiling source file 'DeviceContext.cpp')
  
C:\Program Files (x86)\Windows Kits\10\Include\10.0.26100.0\winrt\roerrorapi.h(176,26): error C2039: 'RoOriginateError': is not a member of '`global namespace''
  (compiling source file 'DeviceContext.cpp')
  
C:\Program Files (x86)\Windows Kits\10\Include\10.0.26100.0\winrt\roerrorapi.h(190,26): error C2039: 'RoTransformErrorW': is not a member of '`global namespace''
  (compiling source file 'DeviceContext.cpp')
  
C:\Program Files (x86)\Windows Kits\10\Include\10.0.26100.0\winrt\wrl\client.h(913,38): error C3083: 'Microsoft': the symbol to the left of a '::' must be a type
  (compiling source file 'SwapChain.cpp')
  
C:\Program Files (x86)\Windows Kits\10\Include\10.0.26100.0\winrt\wrl\client.h(913,49): error C3083: 'WRL': the symbol to the left of a '::' must be a type
  (compiling source file 'SwapChain.cpp')
  
C:\Program Files (x86)\Windows Kits\10\Include\10.0.26100.0\winrt\roerrorapi.h(201,26): error C2039: 'RoTransformError': is not a member of '`global namespace''
  (compiling source file 'DeviceContext.cpp')
  
C:\Program Files (x86)\Windows Kits\10\Include\10.0.26100.0\winrt\wrl\client.h(913,54): error C3083: 'Details': the symbol to the left of a '::' must be a type
  (compiling source file 'SwapChain.cpp')
  
C:\Program Files (x86)\Windows Kits\10\Include\10.0.26100.0\winrt\wrl\client.h(913,63): error C2039: 'ComPtrRef': is not a member of '`global namespace''
  (compiling source file 'SwapChain.cpp')
  
C:\Program Files (x86)\Windows Kits\10\Include\10.0.26100.0\winrt\wrl\client.h(913,63): error C7568: argument list missing after assumed function template 'ComPtrRef'
  (compiling source file 'SwapChain.cpp')
  
C:\Program Files (x86)\Windows Kits\10\Include\10.0.26100.0\winrt\wrl\client.h(913,27): error C2988: unrecognizable template declaration/definition
  (compiling source file 'SwapChain.cpp')
  
C:\Program Files (x86)\Windows Kits\10\Include\10.0.26100.0\winrt\wrl\client.h(913,27): error C2143: syntax error: missing ';' before '<parameter-list>'
  (compiling source file 'SwapChain.cpp')
  
C:\Program Files (x86)\Windows Kits\10\Include\10.0.26100.0\winrt\wrl\client.h(913,8): error C2365: 'dx3d::IID_PPV_ARGS_Helper': redefinition; previous definition was 'function'
  (compiling source file 'SwapChain.cpp')
      C:\Program Files (x86)\Windows Kits\10\Include\10.0.26100.0\um\combaseapi.h(202,84):
      see declaration of 'dx3d::IID_PPV_ARGS_Helper'
  
C:\Program Files (x86)\Windows Kits\10\Include\10.0.26100.0\winrt\wrl\client.h(913,27): error C2059: syntax error: '<parameter-list>'
  (compiling source file 'SwapChain.cpp')
  
C:\Program Files (x86)\Windows Kits\10\Include\10.0.26100.0\winrt\wrl\client.h(914,1): error C2143: syntax error: missing ';' before '{'
  (compiling source file 'SwapChain.cpp')
  
C:\Program Files (x86)\Windows Kits\10\Include\10.0.26100.0\winrt\wrl\client.h(914,1): error C2447: '{': missing function header (old-style formal list?)
  (compiling source file 'SwapChain.cpp')
  
C:\Program Files (x86)\Windows Kits\10\Include\10.0.26100.0\winrt\wrl\client.h(921,38): error C3083: 'Microsoft': the symbol to the left of a '::' must be a type
  (compiling source file 'SwapChain.cpp')
  
C:\Program Files (x86)\Windows Kits\10\Include\10.0.26100.0\winrt\wrl\client.h(921,49): error C3083: 'WRL': the symbol to the left of a '::' must be a type
  (compiling source file 'SwapChain.cpp')
  
C:\Program Files (x86)\Windows Kits\10\Include\10.0.26100.0\winrt\wrl\client.h(921,54): error C3083: 'Details': the symbol to the left of a '::' must be a type
  (compiling source file 'SwapChain.cpp')
  
C:\Program Files (x86)\Windows Kits\10\Include\10.0.26100.0\winrt\wrl\client.h(921,63): error C2039: 'ComPtrRef': is not a member of '`global namespace''
  (compiling source file 'SwapChain.cpp')
  
C:\Program Files (x86)\Windows Kits\10\Include\10.0.26100.0\winrt\wrl\client.h(921,63): error C7568: argument list missing after assumed function template 'ComPtrRef'
  (compiling source file 'SwapChain.cpp')
  
C:\Program Files (x86)\Windows Kits\10\Include\10.0.26100.0\winrt\wrl\client.h(921,27): error C2988: unrecognizable template declaration/definition
  (compiling source file 'SwapChain.cpp')
  
C:\Program Files (x86)\Windows Kits\10\Include\10.0.26100.0\winrt\wrl\client.h(921,27): error C2143: syntax error: missing ';' before '<parameter-list>'
  (compiling source file 'SwapChain.cpp')
  
C:\Program Files (x86)\Windows Kits\10\Include\10.0.26100.0\winrt\wrl\client.h(921,8): error C2365: 'dx3d::IID_INS_ARGS_Helper': redefinition; previous definition was 'function'
  (compiling source file 'SwapChain.cpp')
      C:\Program Files (x86)\Windows Kits\10\Include\10.0.26100.0\winrt\inspectable.h(215,84):
      see declaration of 'dx3d::IID_INS_ARGS_Helper'
  
C:\Program Files (x86)\Windows Kits\10\Include\10.0.26100.0\winrt\wrl\client.h(921,27): error C2059: syntax error: '<parameter-list>'
  (compiling source file 'SwapChain.cpp')
  
C:\Program Files (x86)\Windows Kits\10\Include\10.0.26100.0\winrt\wrl\client.h(922,1): error C2143: syntax error: missing ';' before '{'
  (compiling source file 'SwapChain.cpp')
  
C:\Program Files (x86)\Windows Kits\10\Include\10.0.26100.0\winrt\wrl\client.h(922,1): error C2447: '{': missing function header (old-style formal list?)
  (compiling source file 'SwapChain.cpp')
  
C:\Program Files (x86)\Windows Kits\10\Include\10.0.26100.0\winrt\wrl\client.h(934,23): error C3083: 'Microsoft': the symbol to the left of a '::' must be a type
  (compiling source file 'SwapChain.cpp')
  
C:\Program Files (x86)\Windows Kits\10\Include\10.0.26100.0\winrt\wrl\client.h(934,34): error C3083: 'WRL': the symbol to the left of a '::' must be a type
  (compiling source file 'SwapChain.cpp')
  
C:\Program Files (x86)\Windows Kits\10\Include\10.0.26100.0\winrt\wrl\client.h(934,39): error C3083: 'Details': the symbol to the left of a '::' must be a type
  (compiling source file 'SwapChain.cpp')
  
C:\Program Files (x86)\Windows Kits\10\Include\10.0.26100.0\winrt\wrl\client.h(934,48): error C2039: 'ComPtrRef': is not a member of '`global namespace''
  (compiling source file 'SwapChain.cpp')
  
C:\Program Files (x86)\Windows Kits\10\Include\10.0.26100.0\winrt\roerrorapi.h(227,30): error C2039: 'RoGetErrorReportingFlags': is not a member of '`global namespace''
  (compiling source file 'DeviceContext.cpp')
  
C:\Program Files (x86)\Windows Kits\10\Include\10.0.26100.0\winrt\wrl\client.h(934,48): error C2061: syntax error: identifier 'ComPtrRef'
  (compiling source file 'SwapChain.cpp')
  
C:\Program Files (x86)\Windows Kits\10\Include\10.0.26100.0\winrt\roerrorapi.h(232,30): error C2039: 'RoSetErrorReportingFlags': is not a member of '`global namespace''
  (compiling source file 'DeviceContext.cpp')
  
C:\Program Files (x86)\Windows Kits\10\Include\10.0.26100.0\winrt\wrl\client.h(936,57): error C3861: 'instance': identifier not found
  (compiling source file 'SwapChain.cpp')
  
C:\Program Files (x86)\Windows Kits\10\Include\10.0.26100.0\winrt\wrl\client.h(936,57): error C2065: 'instance': undeclared identifier
  (compiling source file 'SwapChain.cpp')
  
C:\Program Files (x86)\Windows Kits\10\Include\10.0.26100.0\winrt\roerrorapi.h(241,30): error C2039: 'RoOriginateErrorW': is not a member of '`global namespace''
  (compiling source file 'DeviceContext.cpp')
  
C:\Program Files (x86)\Windows Kits\10\Include\10.0.26100.0\winrt\wrl\client.h(942,23): error C3083: 'Microsoft': the symbol to the left of a '::' must be a type
  (compiling source file 'SwapChain.cpp')
  
C:\Program Files (x86)\Windows Kits\10\Include\10.0.26100.0\winrt\wrl\client.h(942,34): error C3083: 'WRL': the symbol to the left of a '::' must be a type
  (compiling source file 'SwapChain.cpp')
  
C:\Program Files (x86)\Windows Kits\10\Include\10.0.26100.0\winrt\wrl\client.h(942,39): error C3083: 'Details': the symbol to the left of a '::' must be a type
  (compiling source file 'SwapChain.cpp')
  
C:\Program Files (x86)\Windows Kits\10\Include\10.0.26100.0\winrt\roerrorapi.h(246,30): error C2039: 'RoOriginateError': is not a member of '`global namespace''
  (compiling source file 'DeviceContext.cpp')
  
C:\Program Files (x86)\Windows Kits\10\Include\10.0.26100.0\winrt\wrl\client.h(942,48): error C2039: 'ComPtrRef': is not a member of '`global namespace''
  (compiling source file 'SwapChain.cpp')
  
C:\Program Files (x86)\Windows Kits\10\Include\10.0.26100.0\winrt\wrl\client.h(942,48): error C2061: syntax error: identifier 'ComPtrRef'
  (compiling source file 'SwapChain.cpp')
  
C:\Program Files (x86)\Windows Kits\10\Include\10.0.26100.0\winrt\wrl\client.h(944,61): error C3861: 'factory': identifier not found
  (compiling source file 'SwapChain.cpp')
  
C:\Program Files (x86)\Windows Kits\10\Include\10.0.26100.0\winrt\roerrorapi.h(254,30): error C2039: 'RoTransformErrorW': is not a member of '`global namespace''
  (compiling source file 'DeviceContext.cpp')
  
C:\Program Files (x86)\Windows Kits\10\Include\10.0.26100.0\winrt\wrl\client.h(944,61): error C2065: 'factory': undeclared identifier
  (compiling source file 'SwapChain.cpp')
  
C:\Program Files (x86)\Windows Kits\10\Include\10.0.26100.0\winrt\roerrorapi.h(259,30): error C2039: 'RoTransformError': is not a member of '`global namespace''
  (compiling source file 'DeviceContext.cpp')
  
C:\Program Files (x86)\Windows Kits\10\Include\10.0.26100.0\winrt\wrl\client.h(958,27): error C3083: 'Microsoft': the symbol to the left of a '::' must be a type
  (compiling source file 'SwapChain.cpp')
  
C:\Program Files (x86)\Windows Kits\10\Include\10.0.26100.0\winrt\wrl\client.h(958,38): error C3083: 'WRL': the symbol to the left of a '::' must be a type
  (compiling source file 'SwapChain.cpp')
  
C:\Program Files (x86)\Windows Kits\10\Include\10.0.26100.0\winrt\wrl\client.h(958,43): error C3083: 'Details': the symbol to the left of a '::' must be a type
  (compiling source file 'SwapChain.cpp')
  
C:\Program Files (x86)\Windows Kits\10\Include\10.0.26100.0\winrt\wrl\client.h(958,52): error C2039: 'ComPtrRef': is not a member of '`global namespace''
  (compiling source file 'SwapChain.cpp')
  
C:\Program Files (x86)\Windows Kits\10\Include\10.0.26100.0\winrt\wrl\client.h(958,52): error C2061: syntax error: identifier 'ComPtrRef'
  (compiling source file 'SwapChain.cpp')
  
C:\Program Files (x86)\Windows Kits\10\Include\10.0.26100.0\winrt\wrl\client.h(960,61): error C3861: 'instance': identifier not found
  (compiling source file 'SwapChain.cpp')
  
C:\Program Files (x86)\Windows Kits\10\Include\10.0.26100.0\winrt\wrl\client.h(960,61): error C2065: 'instance': undeclared identifier
  (compiling source file 'SwapChain.cpp')
  
C:\Program Files (x86)\Windows Kits\10\Include\10.0.26100.0\winrt\wrl\client.h(966,27): error C3083: 'Microsoft': the symbol to the left of a '::' must be a type
  (compiling source file 'SwapChain.cpp')
  
C:\Program Files (x86)\Windows Kits\10\Include\10.0.26100.0\winrt\wrl\client.h(966,38): error C3083: 'WRL': the symbol to the left of a '::' must be a type
  (compiling source file 'SwapChain.cpp')
  
C:\Program Files (x86)\Windows Kits\10\Include\10.0.26100.0\winrt\wrl\client.h(966,43): error C3083: 'Details': the symbol to the left of a '::' must be a type
  (compiling source file 'SwapChain.cpp')
  
C:\Program Files (x86)\Windows Kits\10\Include\10.0.26100.0\winrt\wrl\client.h(966,52): error C2039: 'ComPtrRef': is not a member of '`global namespace''
  (compiling source file 'SwapChain.cpp')
  
C:\Program Files (x86)\Windows Kits\10\Include\10.0.26100.0\winrt\wrl\client.h(966,52): error C2061: syntax error: identifier 'ComPtrRef'
  (compiling source file 'SwapChain.cpp')
  
C:\Program Files (x86)\Windows Kits\10\Include\10.0.26100.0\winrt\wrl\client.h(968,65): error C3861: 'factory': identifier not found
  (compiling source file 'SwapChain.cpp')
  
C:\Program Files (x86)\Windows Kits\10\Include\10.0.26100.0\winrt\wrl\client.h(968,65): error C2065: 'factory': undeclared identifier
  (compiling source file 'SwapChain.cpp')
  
C:\Program Files (x86)\Windows Kits\10\Include\10.0.26100.0\winrt\wrl\implements.h(294,13): error C2664: 'int dx3d::InlineIsEqualGUID(const dx3d::GUID &,const dx3d::GUID &)': cannot convert argument 2 from 'const _GUID' to 'const dx3d::GUID &'
  (compiling source file 'DeviceContext.cpp')
      C:\Program Files (x86)\Windows Kits\10\Include\10.0.26100.0\winrt\wrl\implements.h(294,37):
      Reason: cannot convert from 'const _GUID' to 'const dx3d::GUID'
      C:\Program Files (x86)\Windows Kits\10\Include\10.0.26100.0\winrt\wrl\implements.h(294,37):
      No user-defined-conversion operator available that can perform this conversion, or the operator cannot be called
      C:\Program Files (x86)\Windows Kits\10\Include\10.0.26100.0\shared\guiddef.h(150,14):
      see declaration of 'dx3d::InlineIsEqualGUID'
      C:\Program Files (x86)\Windows Kits\10\Include\10.0.26100.0\winrt\wrl\implements.h(294,13):
      while trying to match the argument list '(const dx3d::IID, const _GUID)'
      C:\Program Files (x86)\Windows Kits\10\Include\10.0.26100.0\winrt\wrl\implements.h(294,30):
      'InlineIsEqualGUID': function declaration must be available as none of the arguments depend on a template parameter
      C:\Program Files (x86)\Windows Kits\10\Include\10.0.26100.0\winrt\wrl\implements.h(283,20):
      This diagnostic occurred in the compiler generated function 'dx3d::HRESULT dx3d::Microsoft::WRL::Details::RuntimeClassBaseT<RuntimeClassTypeT>::AsIID(T *,const dx3d::IID &,void **) noexcept'
      C:\Program Files (x86)\Windows Kits\10\Include\10.0.26100.0\winrt\wrl\implements.h(294,30):
      the template instantiation context (the oldest one first) is
          C:\Program Files (x86)\Windows Kits\10\Include\10.0.26100.0\winrt\wrl\implements.h(279,7):
          while compiling class template 'dx3d::Microsoft::WRL::Details::RuntimeClassBaseT'
  
C:\Program Files (x86)\Windows Kits\10\Include\10.0.26100.0\winrt\wrl\implements.h(294,97): error C2664: 'int dx3d::InlineIsEqualGUID(const dx3d::GUID &,const dx3d::GUID &)': cannot convert argument 2 from 'const _GUID' to 'const dx3d::GUID &'
  (compiling source file 'DeviceContext.cpp')
      C:\Program Files (x86)\Windows Kits\10\Include\10.0.26100.0\winrt\wrl\implements.h(294,121):
      Reason: cannot convert from 'const _GUID' to 'const dx3d::GUID'
      C:\Program Files (x86)\Windows Kits\10\Include\10.0.26100.0\winrt\wrl\implements.h(294,121):
      No user-defined-conversion operator available that can perform this conversion, or the operator cannot be called
      C:\Program Files (x86)\Windows Kits\10\Include\10.0.26100.0\shared\guiddef.h(150,14):
      see declaration of 'dx3d::InlineIsEqualGUID'
      C:\Program Files (x86)\Windows Kits\10\Include\10.0.26100.0\winrt\wrl\implements.h(294,97):
      while trying to match the argument list '(const dx3d::IID, const _GUID)'
      C:\Program Files (x86)\Windows Kits\10\Include\10.0.26100.0\winrt\wrl\implements.h(294,114):
      'InlineIsEqualGUID': function declaration must be available as none of the arguments depend on a template parameter
      C:\Program Files (x86)\Windows Kits\10\Include\10.0.26100.0\winrt\wrl\implements.h(283,20):
      This diagnostic occurred in the compiler generated function 'dx3d::HRESULT dx3d::Microsoft::WRL::Details::RuntimeClassBaseT<RuntimeClassTypeT>::AsIID(T *,const dx3d::IID &,void **) noexcept'
  
C:\Program Files (x86)\Windows Kits\10\Include\10.0.26100.0\winrt\roerrorapi.h(147,26): error C2039: 'RoGetErrorReportingFlags': is not a member of '`global namespace''
  (compiling source file 'SwapChain.cpp')
  
C:\Program Files (x86)\Windows Kits\10\Include\10.0.26100.0\winrt\roerrorapi.h(152,26): error C2039: 'RoSetErrorReportingFlags': is not a member of '`global namespace''
  (compiling source file 'SwapChain.cpp')
  
C:\Program Files (x86)\Windows Kits\10\Include\10.0.26100.0\winrt\roerrorapi.h(166,26): error C2039: 'RoOriginateErrorW': is not a member of '`global namespace''
  (compiling source file 'SwapChain.cpp')
  
C:\Program Files (x86)\Windows Kits\10\Include\10.0.26100.0\winrt\roerrorapi.h(176,26): error C2039: 'RoOriginateError': is not a member of '`global namespace''
  (compiling source file 'SwapChain.cpp')
  
C:\Program Files (x86)\Windows Kits\10\Include\10.0.26100.0\winrt\roerrorapi.h(190,26): error C2039: 'RoTransformErrorW': is not a member of '`global namespace''
  (compiling source file 'SwapChain.cpp')
  
C:\Program Files (x86)\Windows Kits\10\Include\10.0.26100.0\winrt\roerrorapi.h(201,26): error C2039: 'RoTransformError': is not a member of '`global namespace''
  (compiling source file 'SwapChain.cpp')
  
C:\Program Files (x86)\Windows Kits\10\Include\10.0.26100.0\winrt\roerrorapi.h(227,30): error C2039: 'RoGetErrorReportingFlags': is not a member of '`global namespace''
  (compiling source file 'SwapChain.cpp')
  
C:\Program Files (x86)\Windows Kits\10\Include\10.0.26100.0\winrt\roerrorapi.h(232,30): error C2039: 'RoSetErrorReportingFlags': is not a member of '`global namespace''
  (compiling source file 'SwapChain.cpp')
  
C:\Program Files (x86)\Windows Kits\10\Include\10.0.26100.0\winrt\roerrorapi.h(241,30): error C2039: 'RoOriginateErrorW': is not a member of '`global namespace''
  (compiling source file 'SwapChain.cpp')
  
C:\Program Files (x86)\Windows Kits\10\Include\10.0.26100.0\winrt\roerrorapi.h(246,30): error C2039: 'RoOriginateError': is not a member of '`global namespace''
  (compiling source file 'SwapChain.cpp')
  
C:\Program Files (x86)\Windows Kits\10\Include\10.0.26100.0\winrt\roerrorapi.h(254,30): error C2039: 'RoTransformErrorW': is not a member of '`global namespace''
  (compiling source file 'SwapChain.cpp')
  
C:\Program Files (x86)\Windows Kits\10\Include\10.0.26100.0\winrt\roerrorapi.h(259,30): error C2039: 'RoTransformError': is not a member of '`global namespace''
  (compiling source file 'SwapChain.cpp')
  
C:\Program Files (x86)\Windows Kits\10\Include\10.0.26100.0\winrt\wrl\implements.h(294,13): error C2664: 'int dx3d::InlineIsEqualGUID(const dx3d::GUID &,const dx3d::GUID &)': cannot convert argument 2 from 'const _GUID' to 'const dx3d::GUID &'
  (compiling source file 'SwapChain.cpp')
      C:\Program Files (x86)\Windows Kits\10\Include\10.0.26100.0\winrt\wrl\implements.h(294,37):
      Reason: cannot convert from 'const _GUID' to 'const dx3d::GUID'
      C:\Program Files (x86)\Windows Kits\10\Include\10.0.26100.0\winrt\wrl\implements.h(294,37):
      No user-defined-conversion operator available that can perform this conversion, or the operator cannot be called
      C:\Program Files (x86)\Windows Kits\10\Include\10.0.26100.0\shared\guiddef.h(150,14):
      see declaration of 'dx3d::InlineIsEqualGUID'
      C:\Program Files (x86)\Windows Kits\10\Include\10.0.26100.0\winrt\wrl\implements.h(294,13):
      while trying to match the argument list '(const dx3d::IID, const _GUID)'
      C:\Program Files (x86)\Windows Kits\10\Include\10.0.26100.0\winrt\wrl\implements.h(294,30):
      'InlineIsEqualGUID': function declaration must be available as none of the arguments depend on a template parameter
      C:\Program Files (x86)\Windows Kits\10\Include\10.0.26100.0\winrt\wrl\implements.h(283,20):
      This diagnostic occurred in the compiler generated function 'dx3d::HRESULT dx3d::Microsoft::WRL::Details::RuntimeClassBaseT<RuntimeClassTypeT>::AsIID(T *,const dx3d::IID &,void **) noexcept'
      C:\Program Files (x86)\Windows Kits\10\Include\10.0.26100.0\winrt\wrl\implements.h(294,30):
      the template instantiation context (the oldest one first) is
          C:\Program Files (x86)\Windows Kits\10\Include\10.0.26100.0\winrt\wrl\implements.h(279,7):
          while compiling class template 'dx3d::Microsoft::WRL::Details::RuntimeClassBaseT'
  
C:\Program Files (x86)\Windows Kits\10\Include\10.0.26100.0\winrt\wrl\implements.h(294,97): error C2664: 'int dx3d::InlineIsEqualGUID(const dx3d::GUID &,const dx3d::GUID &)': cannot convert argument 2 from 'const _GUID' to 'const dx3d::GUID &'
  (compiling source file 'SwapChain.cpp')
      C:\Program Files (x86)\Windows Kits\10\Include\10.0.26100.0\winrt\wrl\implements.h(294,121):
      Reason: cannot convert from 'const _GUID' to 'const dx3d::GUID'
      C:\Program Files (x86)\Windows Kits\10\Include\10.0.26100.0\winrt\wrl\implements.h(294,121):
      No user-defined-conversion operator available that can perform this conversion, or the operator cannot be called
      C:\Program Files (x86)\Windows Kits\10\Include\10.0.26100.0\shared\guiddef.h(150,14):
      see declaration of 'dx3d::InlineIsEqualGUID'
      C:\Program Files (x86)\Windows Kits\10\Include\10.0.26100.0\winrt\wrl\implements.h(294,97):
      while trying to match the argument list '(const dx3d::IID, const _GUID)'
      C:\Program Files (x86)\Windows Kits\10\Include\10.0.26100.0\winrt\wrl\implements.h(294,114):
      'InlineIsEqualGUID': function declaration must be available as none of the arguments depend on a template parameter
      C:\Program Files (x86)\Windows Kits\10\Include\10.0.26100.0\winrt\wrl\implements.h(283,20):
      This diagnostic occurred in the compiler generated function 'dx3d::HRESULT dx3d::Microsoft::WRL::Details::RuntimeClassBaseT<RuntimeClassTypeT>::AsIID(T *,const dx3d::IID &,void **) noexcept'
  
C:\Program Files (x86)\Windows Kits\10\Include\10.0.26100.0\winrt\wrl\implements.h(1340,11): error C3083: 'Microsoft': the symbol to the left of a '::' must be a type
  (compiling source file 'DeviceContext.cpp')
  
C:\Program Files (x86)\Windows Kits\10\Include\10.0.26100.0\winrt\wrl\implements.h(1340,22): error C3083: 'WRL': the symbol to the left of a '::' must be a type
  (compiling source file 'DeviceContext.cpp')
  
C:\Program Files (x86)\Windows Kits\10\Include\10.0.26100.0\winrt\wrl\implements.h(1340,27): error C2039: 'RuntimeClassFlags': is not a member of '`global namespace''
  (compiling source file 'DeviceContext.cpp')
  
C:\Program Files (x86)\Windows Kits\10\Include\10.0.26100.0\winrt\wrl\implements.h(1340,27): error C2275: 'dx3d::Microsoft::WRL::RuntimeClassFlags': expected an expression instead of a type
  (compiling source file 'DeviceContext.cpp')
  
C:\Program Files (x86)\Windows Kits\10\Include\10.0.26100.0\winrt\wrl\implements.h(1339,12): error C2974: 'dx3d::Microsoft::WRL::Implements': invalid template argument for 'I0', type expected
  (compiling source file 'DeviceContext.cpp')
      C:\Program Files (x86)\Windows Kits\10\Include\10.0.26100.0\winrt\wrl\implements.h(1270,29):
      see declaration of 'dx3d::Microsoft::WRL::Implements'
  
C:\Program Files (x86)\Windows Kits\10\Include\10.0.26100.0\winrt\wrl\implements.h(1339,12): error C2955: 'dx3d::Microsoft::WRL::Implements': use of class template requires template argument list
  (compiling source file 'DeviceContext.cpp')
      C:\Program Files (x86)\Windows Kits\10\Include\10.0.26100.0\winrt\wrl\implements.h(1270,29):
      see declaration of 'dx3d::Microsoft::WRL::Implements'
  
C:\Program Files (x86)\Windows Kits\10\Include\10.0.26100.0\winrt\wrl\implements.h(1341,11): error C3083: 'Microsoft': the symbol to the left of a '::' must be a type
  (compiling source file 'DeviceContext.cpp')
  
C:\Program Files (x86)\Windows Kits\10\Include\10.0.26100.0\winrt\wrl\implements.h(1341,22): error C3083: 'WRL': the symbol to the left of a '::' must be a type
  (compiling source file 'DeviceContext.cpp')
  
C:\Program Files (x86)\Windows Kits\10\Include\10.0.26100.0\winrt\wrl\implements.h(1341,27): error C2039: 'CloakedIid': is not a member of '`global namespace''
  (compiling source file 'DeviceContext.cpp')
  
C:\Program Files (x86)\Windows Kits\10\Include\10.0.26100.0\winrt\wrl\implements.h(1341,27): error C2955: 'dx3d::Microsoft::WRL::CloakedIid': use of class template requires template argument list
  (compiling source file 'DeviceContext.cpp')
      C:\Program Files (x86)\Windows Kits\10\Include\10.0.26100.0\winrt\wrl\implements.h(63,8):
      see declaration of 'dx3d::Microsoft::WRL::CloakedIid'
  
C:\Program Files (x86)\Windows Kits\10\Include\10.0.26100.0\winrt\wrl\implements.h(1341,37): error C2143: syntax error: missing ',' before '<'
  (compiling source file 'DeviceContext.cpp')
  
C:\Program Files (x86)\Windows Kits\10\Include\10.0.26100.0\winrt\wrl\implements.h(1341,41): error C2039: 'IMarshal': is not a member of '`global namespace''
  (compiling source file 'DeviceContext.cpp')
  
C:\Program Files (x86)\Windows Kits\10\Include\10.0.26100.0\winrt\wrl\implements.h(1343,15): error C3083: 'Microsoft': the symbol to the left of a '::' must be a type
  (compiling source file 'DeviceContext.cpp')
  
C:\Program Files (x86)\Windows Kits\10\Include\10.0.26100.0\winrt\wrl\implements.h(1343,26): error C3083: 'WRL': the symbol to the left of a '::' must be a type
  (compiling source file 'DeviceContext.cpp')
  
C:\Program Files (x86)\Windows Kits\10\Include\10.0.26100.0\winrt\wrl\implements.h(1343,31): error C3083: 'Details': the symbol to the left of a '::' must be a type
  (compiling source file 'DeviceContext.cpp')
  
C:\Program Files (x86)\Windows Kits\10\Include\10.0.26100.0\winrt\wrl\implements.h(1343,40): error C2039: 'FtmBaseMarker': is not a member of '`global namespace''
  (compiling source file 'DeviceContext.cpp')
  
C:\Program Files (x86)\Windows Kits\10\Include\10.0.26100.0\winrt\wrl\implements.h(1347,9): error C3083: 'Microsoft': the symbol to the left of a '::' must be a type
  (compiling source file 'DeviceContext.cpp')
  
C:\Program Files (x86)\Windows Kits\10\Include\10.0.26100.0\winrt\wrl\implements.h(1347,20): error C3083: 'WRL': the symbol to the left of a '::' must be a type
  (compiling source file 'DeviceContext.cpp')
  
C:\Program Files (x86)\Windows Kits\10\Include\10.0.26100.0\winrt\wrl\implements.h(1347,25): error C2039: 'RuntimeClassFlags': is not a member of '`global namespace''
  (compiling source file 'DeviceContext.cpp')
  
C:\Program Files (x86)\Windows Kits\10\Include\10.0.26100.0\winrt\wrl\implements.h(1347,25): error C2275: 'dx3d::Microsoft::WRL::RuntimeClassFlags': expected an expression instead of a type
  (compiling source file 'DeviceContext.cpp')
  
C:\Program Files (x86)\Windows Kits\10\Include\10.0.26100.0\winrt\wrl\implements.h(1346,19): error C2974: 'dx3d::Microsoft::WRL::Implements': invalid template argument for 'I0', type expected
  (compiling source file 'DeviceContext.cpp')
      C:\Program Files (x86)\Windows Kits\10\Include\10.0.26100.0\winrt\wrl\implements.h(1270,29):
      see declaration of 'dx3d::Microsoft::WRL::Implements'
  
C:\Program Files (x86)\Windows Kits\10\Include\10.0.26100.0\winrt\wrl\implements.h(1347,62): error C2143: syntax error: missing ';' before ','
  (compiling source file 'DeviceContext.cpp')
  
C:\Program Files (x86)\Windows Kits\10\Include\10.0.26100.0\winrt\wrl\implements.h(1347,62): error C2059: syntax error: ','
  (compiling source file 'DeviceContext.cpp')
  
C:\Program Files (x86)\Windows Kits\10\Include\10.0.26100.0\winrt\wrl\implements.h(1347,62): error C1003: error count exceeds 100; stopping compilation
  (compiling source file 'DeviceContext.cpp')
  
C:\Program Files (x86)\Windows Kits\10\Include\10.0.26100.0\winrt\wrl\implements.h(1340,11): error C3083: 'Microsoft': the symbol to the left of a '::' must be a type
  (compiling source file 'SwapChain.cpp')
  
C:\Program Files (x86)\Windows Kits\10\Include\10.0.26100.0\winrt\wrl\implements.h(1340,22): error C3083: 'WRL': the symbol to the left of a '::' must be a type
  (compiling source file 'SwapChain.cpp')
  
C:\Program Files (x86)\Windows Kits\10\Include\10.0.26100.0\winrt\wrl\implements.h(1340,27): error C2039: 'RuntimeClassFlags': is not a member of '`global namespace''
  (compiling source file 'SwapChain.cpp')
  
C:\Program Files (x86)\Windows Kits\10\Include\10.0.26100.0\winrt\wrl\implements.h(1340,27): error C2275: 'dx3d::Microsoft::WRL::RuntimeClassFlags': expected an expression instead of a type
  (compiling source file 'SwapChain.cpp')
  
C:\Program Files (x86)\Windows Kits\10\Include\10.0.26100.0\winrt\wrl\implements.h(1339,12): error C2974: 'dx3d::Microsoft::WRL::Implements': invalid template argument for 'I0', type expected
  (compiling source file 'SwapChain.cpp')
      C:\Program Files (x86)\Windows Kits\10\Include\10.0.26100.0\winrt\wrl\implements.h(1270,29):
      see declaration of 'dx3d::Microsoft::WRL::Implements'
  
C:\Program Files (x86)\Windows Kits\10\Include\10.0.26100.0\winrt\wrl\implements.h(1339,12): error C2955: 'dx3d::Microsoft::WRL::Implements': use of class template requires template argument list
  (compiling source file 'SwapChain.cpp')
      C:\Program Files (x86)\Windows Kits\10\Include\10.0.26100.0\winrt\wrl\implements.h(1270,29):
      see declaration of 'dx3d::Microsoft::WRL::Implements'
  
C:\Program Files (x86)\Windows Kits\10\Include\10.0.26100.0\winrt\wrl\implements.h(1341,11): error C3083: 'Microsoft': the symbol to the left of a '::' must be a type
  (compiling source file 'SwapChain.cpp')
  
C:\Program Files (x86)\Windows Kits\10\Include\10.0.26100.0\winrt\wrl\implements.h(1341,22): error C3083: 'WRL': the symbol to the left of a '::' must be a type
  (compiling source file 'SwapChain.cpp')
  
C:\Program Files (x86)\Windows Kits\10\Include\10.0.26100.0\winrt\wrl\implements.h(1341,27): error C2039: 'CloakedIid': is not a member of '`global namespace''
  (compiling source file 'SwapChain.cpp')
  
C:\Program Files (x86)\Windows Kits\10\Include\10.0.26100.0\winrt\wrl\implements.h(1341,27): error C2955: 'dx3d::Microsoft::WRL::CloakedIid': use of class template requires template argument list
  (compiling source file 'SwapChain.cpp')
      C:\Program Files (x86)\Windows Kits\10\Include\10.0.26100.0\winrt\wrl\implements.h(63,8):
      see declaration of 'dx3d::Microsoft::WRL::CloakedIid'
  
C:\Program Files (x86)\Windows Kits\10\Include\10.0.26100.0\winrt\wrl\implements.h(1341,37): error C2143: syntax error: missing ',' before '<'
  (compiling source file 'SwapChain.cpp')
  
C:\Program Files (x86)\Windows Kits\10\Include\10.0.26100.0\winrt\wrl\implements.h(1341,41): error C2039: 'IMarshal': is not a member of '`global namespace''
  (compiling source file 'SwapChain.cpp')
  
C:\Program Files (x86)\Windows Kits\10\Include\10.0.26100.0\winrt\wrl\implements.h(1343,15): error C3083: 'Microsoft': the symbol to the left of a '::' must be a type
  (compiling source file 'SwapChain.cpp')
  
C:\Program Files (x86)\Windows Kits\10\Include\10.0.26100.0\winrt\wrl\implements.h(1343,26): error C3083: 'WRL': the symbol to the left of a '::' must be a type
  (compiling source file 'SwapChain.cpp')
  
C:\Program Files (x86)\Windows Kits\10\Include\10.0.26100.0\winrt\wrl\implements.h(1343,31): error C3083: 'Details': the symbol to the left of a '::' must be a type
  (compiling source file 'SwapChain.cpp')
  
C:\Program Files (x86)\Windows Kits\10\Include\10.0.26100.0\winrt\wrl\implements.h(1343,40): error C2039: 'FtmBaseMarker': is not a member of '`global namespace''
  (compiling source file 'SwapChain.cpp')
  
C:\Program Files (x86)\Windows Kits\10\Include\10.0.26100.0\winrt\wrl\implements.h(1347,9): error C3083: 'Microsoft': the symbol to the left of a '::' must be a type
  (compiling source file 'SwapChain.cpp')
  
C:\Program Files (x86)\Windows Kits\10\Include\10.0.26100.0\winrt\wrl\implements.h(1347,20): error C3083: 'WRL': the symbol to the left of a '::' must be a type
  (compiling source file 'SwapChain.cpp')
  
C:\Program Files (x86)\Windows Kits\10\Include\10.0.26100.0\winrt\wrl\implements.h(1347,25): error C2039: 'RuntimeClassFlags': is not a member of '`global namespace''
  (compiling source file 'SwapChain.cpp')
  
C:\Program Files (x86)\Windows Kits\10\Include\10.0.26100.0\winrt\wrl\implements.h(1347,25): error C2275: 'dx3d::Microsoft::WRL::RuntimeClassFlags': expected an expression instead of a type
  (compiling source file 'SwapChain.cpp')
  
C:\Program Files (x86)\Windows Kits\10\Include\10.0.26100.0\winrt\wrl\implements.h(1346,19): error C2974: 'dx3d::Microsoft::WRL::Implements': invalid template argument for 'I0', type expected
  (compiling source file 'SwapChain.cpp')
      C:\Program Files (x86)\Windows Kits\10\Include\10.0.26100.0\winrt\wrl\implements.h(1270,29):
      see declaration of 'dx3d::Microsoft::WRL::Implements'
  
C:\Program Files (x86)\Windows Kits\10\Include\10.0.26100.0\winrt\wrl\implements.h(1347,62): error C2143: syntax error: missing ';' before ','
  (compiling source file 'SwapChain.cpp')
  
C:\Program Files (x86)\Windows Kits\10\Include\10.0.26100.0\winrt\wrl\implements.h(1347,62): error C2059: syntax error: ','
  (compiling source file 'SwapChain.cpp')
  
C:\Program Files (x86)\Windows Kits\10\Include\10.0.26100.0\winrt\wrl\implements.h(1347,62): error C1003: error count exceeds 100; stopping compilation
  (compiling source file 'SwapChain.cpp')
  
C:\Users\tyler\Desktop\ProjectCplusPractice\Cplus3Dpractice\Cplus3Dpractice\GraphicsLogUtils.h(8,63): error C2014: preprocessor command must start as first nonwhite space
  (compiling source file 'GraphicsEngine.cpp')
  
C:\Users\tyler\Desktop\ProjectCplusPractice\Cplus3Dpractice\Cplus3Dpractice\GraphicsLogUtils.h(8,61): error C2061: syntax error: identifier 'ID'
  (compiling source file 'GraphicsEngine.cpp')
  
C:\Users\tyler\Desktop\ProjectCplusPractice\Cplus3Dpractice\Cplus3Dpractice\GraphicsLogUtils.h(10,1): error C2143: syntax error: missing ')' before '}'
  (compiling source file 'GraphicsEngine.cpp')
  
C:\Users\tyler\Desktop\ProjectCplusPractice\Cplus3Dpractice\Cplus3Dpractice\GraphicsLogUtils.h(10,1): error C2143: syntax error: missing ';' before '}'
  (compiling source file 'GraphicsEngine.cpp')
  
C:\Users\tyler\Desktop\ProjectCplusPractice\Cplus3Dpractice\Cplus3Dpractice\GraphicsLogUtils.h(8,63): error C2014: preprocessor command must start as first nonwhite space
  (compiling source file 'Display.cpp')
  
C:\Users\tyler\Desktop\ProjectCplusPractice\Cplus3Dpractice\Cplus3Dpractice\GraphicsLogUtils.h(8,61): error C2061: syntax error: identifier 'ID'
  (compiling source file 'Display.cpp')
  
C:\Users\tyler\Desktop\ProjectCplusPractice\Cplus3Dpractice\Cplus3Dpractice\GraphicsLogUtils.h(10,1): error C2143: syntax error: missing ')' before '}'
  (compiling source file 'Display.cpp')
  
C:\Users\tyler\Desktop\ProjectCplusPractice\Cplus3Dpractice\Cplus3Dpractice\GraphicsLogUtils.h(10,1): error C2143: syntax error: missing ';' before '}'
  (compiling source file 'Display.cpp')
  
C:\Users\tyler\Desktop\ProjectCplusPractice\Cplus3Dpractice\Cplus3Dpractice\GraphicsEngine.cpp(8,7): error C3083: 'GraphicsEngine': the symbol to the left of a '::' must be a type
C:\Users\tyler\Desktop\ProjectCplusPractice\Cplus3Dpractice\Cplus3Dpractice\GraphicsEngine.cpp(8,23): error C2039: 'GraphicsEngine': is not a member of 'dx3d::dx3d'
      C:\Users\tyler\Desktop\ProjectCplusPractice\Cplus3Dpractice\Cplus3Dpractice\SwapChain.h(5,11):
      see declaration of 'dx3d::dx3d'
  
C:\Users\tyler\Desktop\ProjectCplusPractice\Cplus3Dpractice\Cplus3Dpractice\GraphicsEngine.cpp(8,38): error C2059: syntax error: 'const'
C:\Users\tyler\Desktop\ProjectCplusPractice\Cplus3Dpractice\Cplus3Dpractice\GraphicsEngine.cpp(8,80): error C2143: syntax error: missing ')' before '.'
C:\Users\tyler\Desktop\ProjectCplusPractice\Cplus3Dpractice\Cplus3Dpractice\GraphicsEngine.cpp(8,76): error C3928: '->': trailing return type is not allowed after a parenthesized declarator
C:\Users\tyler\Desktop\ProjectCplusPractice\Cplus3Dpractice\Cplus3Dpractice\GraphicsLogUtils.h(8,63): error C2014: preprocessor command must start as first nonwhite space
  (compiling source file 'GraphicsDevice.cpp')
  
C:\Users\tyler\Desktop\ProjectCplusPractice\Cplus3Dpractice\Cplus3Dpractice\GraphicsLogUtils.h(8,61): error C2061: syntax error: identifier 'ID'
  (compiling source file 'GraphicsDevice.cpp')
  
C:\Users\tyler\Desktop\ProjectCplusPractice\Cplus3Dpractice\Cplus3Dpractice\GraphicsLogUtils.h(10,1): error C2143: syntax error: missing ')' before '}'
  (compiling source file 'GraphicsDevice.cpp')
  
C:\Users\tyler\Desktop\ProjectCplusPractice\Cplus3Dpractice\Cplus3Dpractice\GraphicsEngine.cpp(8,80): error C3484: syntax error: expected '->' before the return type
C:\Users\tyler\Desktop\ProjectCplusPractice\Cplus3Dpractice\Cplus3Dpractice\GraphicsLogUtils.h(10,1): error C2143: syntax error: missing ';' before '}'
  (compiling source file 'GraphicsDevice.cpp')
  
C:\Users\tyler\Desktop\ProjectCplusPractice\Cplus3Dpractice\Cplus3Dpractice\GraphicsEngine.cpp(8,81): error C3613: missing return type after '->' ('int' assumed)
C:\Users\tyler\Desktop\ProjectCplusPractice\Cplus3Dpractice\Cplus3Dpractice\GraphicsEngine.cpp(8,76): error C2512: 'dx3d::Base': no appropriate default constructor available
      C:\Users\tyler\Desktop\ProjectCplusPractice\Cplus3Dpractice\Cplus3Dpractice\Base.h(9,8):
      see declaration of 'dx3d::Base'
  
C:\Users\tyler\Desktop\ProjectCplusPractice\Cplus3Dpractice\Cplus3Dpractice\GraphicsEngine.cpp(8,81): error C2146: syntax error: missing ';' before identifier 'base'
C:\Users\tyler\Desktop\ProjectCplusPractice\Cplus3Dpractice\Cplus3Dpractice\GraphicsEngine.cpp(8,85): error C2059: syntax error: ')'
C:\Users\tyler\Desktop\ProjectCplusPractice\Cplus3Dpractice\Cplus3Dpractice\GraphicsEngine.cpp(8,81): error C4430: missing type specifier - int assumed. Note: C++ does not support default-int
C:\Users\tyler\Desktop\ProjectCplusPractice\Cplus3Dpractice\Cplus3Dpractice\GraphicsEngine.cpp(19,2): error C2065: 'm_graphicsDevice': undeclared identifier
C:\Users\tyler\Desktop\ProjectCplusPractice\Cplus3Dpractice\Cplus3Dpractice\GraphicsEngine.cpp(19,38): error C2872: 'GraphicsDevice': ambiguous symbol
      C:\Users\tyler\Desktop\ProjectCplusPractice\Cplus3Dpractice\Cplus3Dpractice\Core.h(13,8):
      could be 'dx3d::GraphicsDevice'
      C:\Users\tyler\Desktop\ProjectCplusPractice\Cplus3Dpractice\Cplus3Dpractice\GraphicsDevice.h(12,8):
      or       'dx3d::dx3d::GraphicsDevice'
  
C:\Users\tyler\Desktop\ProjectCplusPractice\Cplus3Dpractice\Cplus3Dpractice\GraphicsEngine.cpp(19,73): error C2065: 'm_logger': undeclared identifier
C:\Users\tyler\Desktop\ProjectCplusPractice\Cplus3Dpractice\Cplus3Dpractice\GraphicsEngine.cpp(19,83): error C2059: syntax error: ';'
C:\Users\tyler\Desktop\ProjectCplusPractice\Cplus3Dpractice\Cplus3Dpractice\GraphicsEngine.cpp(21,18): error C2065: 'm_graphicsDevice': undeclared identifier
C:\Users\tyler\Desktop\ProjectCplusPractice\Cplus3Dpractice\Cplus3Dpractice\GraphicsEngine.cpp(22,2): error C4430: missing type specifier - int assumed. Note: C++ does not support default-int
C:\Users\tyler\Desktop\ProjectCplusPractice\Cplus3Dpractice\Cplus3Dpractice\Display.cpp(4,7): error C3083: 'Display': the symbol to the left of a '::' must be a type
C:\Users\tyler\Desktop\ProjectCplusPractice\Cplus3Dpractice\Cplus3Dpractice\GraphicsEngine.cpp(29,15): error C2143: syntax error: missing ';' before '&'
C:\Users\tyler\Desktop\ProjectCplusPractice\Cplus3Dpractice\Cplus3Dpractice\GraphicsEngine.cpp(29,1): error C4430: missing type specifier - int assumed. Note: C++ does not support default-int
C:\Users\tyler\Desktop\ProjectCplusPractice\Cplus3Dpractice\Cplus3Dpractice\Display.cpp(4,16): error C2039: 'Display': is not a member of 'dx3d::dx3d'
      C:\Users\tyler\Desktop\ProjectCplusPractice\Cplus3Dpractice\Cplus3Dpractice\GraphicsDevice.h(9,11):
      see declaration of 'dx3d::dx3d'
  
C:\Users\tyler\Desktop\ProjectCplusPractice\Cplus3Dpractice\Cplus3Dpractice\GraphicsEngine.cpp(29,39): error C2761: 'dx3d::GraphicsDevice &dx3d::GraphicsEngine::getGraphicsDevice(void) noexcept': redeclaration of member is not allowed
C:\Users\tyler\Desktop\ProjectCplusPractice\Cplus3Dpractice\Cplus3Dpractice\Display.cpp(4,24): error C2059: syntax error: 'const'
C:\Users\tyler\Desktop\ProjectCplusPractice\Cplus3Dpractice\Cplus3Dpractice\GraphicsEngine.cpp(30,1): error C2059: syntax error: '{'
C:\Users\tyler\Desktop\ProjectCplusPractice\Cplus3Dpractice\Cplus3Dpractice\Display.cpp(4,61): error C2143: syntax error: missing ')' before '.'
C:\Users\tyler\Desktop\ProjectCplusPractice\Cplus3Dpractice\Cplus3Dpractice\GraphicsEngine.cpp(30,1): error C2143: syntax error: missing ';' before '{'
C:\Users\tyler\Desktop\ProjectCplusPractice\Cplus3Dpractice\Cplus3Dpractice\Display.cpp(4,57): error C3928: '->': trailing return type is not allowed after a parenthesized declarator
C:\Users\tyler\Desktop\ProjectCplusPractice\Cplus3Dpractice\Cplus3Dpractice\Display.cpp(4,61): error C3484: syntax error: expected '->' before the return type
C:\Users\tyler\Desktop\ProjectCplusPractice\Cplus3Dpractice\Cplus3Dpractice\Display.cpp(4,62): error C3613: missing return type after '->' ('int' assumed)
C:\Users\tyler\Desktop\ProjectCplusPractice\Cplus3Dpractice\Cplus3Dpractice\GraphicsEngine.cpp(30,1): error C2447: '{': missing function header (old-style formal list?)
C:\Users\tyler\Desktop\ProjectCplusPractice\Cplus3Dpractice\Cplus3Dpractice\Display.cpp(4,57): error C2512: 'dx3d::Window': no appropriate default constructor available
      C:\Users\tyler\Desktop\ProjectCplusPractice\Cplus3Dpractice\Cplus3Dpractice\Window.h(8,8):
      see declaration of 'dx3d::Window'
  
C:\Users\tyler\Desktop\ProjectCplusPractice\Cplus3Dpractice\Cplus3Dpractice\Display.cpp(4,62): error C2146: syntax error: missing ';' before identifier 'window'
C:\Users\tyler\Desktop\ProjectCplusPractice\Cplus3Dpractice\Cplus3Dpractice\Display.cpp(4,68): error C2059: syntax error: ')'
C:\Users\tyler\Desktop\ProjectCplusPractice\Cplus3Dpractice\Cplus3Dpractice\Display.cpp(4,62): error C4430: missing type specifier - int assumed. Note: C++ does not support default-int
C:\Users\tyler\Desktop\ProjectCplusPractice\Cplus3Dpractice\Cplus3Dpractice\GraphicsEngine.cpp(34,35): error C2872: 'SwapChain': ambiguous symbol
      C:\Users\tyler\Desktop\ProjectCplusPractice\Cplus3Dpractice\Cplus3Dpractice\Core.h(16,8):
      could be 'dx3d::SwapChain'
      C:\Users\tyler\Desktop\ProjectCplusPractice\Cplus3Dpractice\Cplus3Dpractice\SwapChain.h(8,8):
      or       'dx3d::dx3d::SwapChain'
  
C:\Users\tyler\Desktop\ProjectCplusPractice\Cplus3Dpractice\Cplus3Dpractice\Display.cpp(6,2): error C2065: 'm_swapChain': undeclared identifier
C:\Users\tyler\Desktop\ProjectCplusPractice\Cplus3Dpractice\Cplus3Dpractice\Display.cpp(6,21): error C2039: 'graphicsDevice': is not a member of 'dx3d::Window'
      C:\Users\tyler\Desktop\ProjectCplusPractice\Cplus3Dpractice\Cplus3Dpractice\Window.h(8,8):
      see declaration of 'dx3d::Window'
  
C:\Users\tyler\Desktop\ProjectCplusPractice\Cplus3Dpractice\Cplus3Dpractice\Display.cpp(6,54): error C2065: 'm_handle': undeclared identifier
C:\Users\tyler\Desktop\ProjectCplusPractice\Cplus3Dpractice\Cplus3Dpractice\Display.cpp(6,64): error C2065: 'm_size': undeclared identifier
C:\Users\tyler\Desktop\ProjectCplusPractice\Cplus3Dpractice\Cplus3Dpractice\Display.cpp(6,73): error C2059: syntax error: ';'
C:\Users\tyler\Desktop\ProjectCplusPractice\Cplus3Dpractice\Cplus3Dpractice\GraphicsEngine.cpp(38,2): error C2027: use of undefined type 'dx3d::DeviceContext'
      C:\Users\tyler\Desktop\ProjectCplusPractice\Cplus3Dpractice\Cplus3Dpractice\Core.h(18,8):
      see declaration of 'dx3d::DeviceContext'
  
C:\Users\tyler\Desktop\ProjectCplusPractice\Cplus3Dpractice\Cplus3Dpractice\GraphicsEngine.cpp(41,2): error C2027: use of undefined type 'dx3d::GraphicsDevice'
      C:\Users\tyler\Desktop\ProjectCplusPractice\Cplus3Dpractice\Cplus3Dpractice\Core.h(13,8):
      see declaration of 'dx3d::GraphicsDevice'
  
C:\Users\tyler\Desktop\ProjectCplusPractice\Cplus3Dpractice\Cplus3Dpractice\GraphicsEngine.cpp(42,2): error C2027: use of undefined type 'dx3d::SwapChain'
      C:\Users\tyler\Desktop\ProjectCplusPractice\Cplus3Dpractice\Cplus3Dpractice\Core.h(16,8):
      see declaration of 'dx3d::SwapChain'
  
C:\Users\tyler\Desktop\ProjectCplusPractice\Cplus3Dpractice\Cplus3Dpractice\GraphicsDevice.cpp(49,2): error C2440: 'return': cannot convert from 'std::shared_ptr<dx3d::dx3d::SwapChain>' to 'std::shared_ptr<dx3d::SwapChain>'
      C:\Users\tyler\Desktop\ProjectCplusPractice\Cplus3Dpractice\Cplus3Dpractice\GraphicsDevice.cpp(49,2):
      No user-defined-conversion operator available that can perform this conversion, or the operator cannot be called
  
C:\Users\tyler\Desktop\ProjectCplusPractice\Cplus3Dpractice\Cplus3Dpractice\GraphicsDevice.cpp(54,2): error C2440: 'return': cannot convert from 'std::shared_ptr<dx3d::dx3d::DeviceContext>' to 'std::shared_ptr<dx3d::DeviceContext>'
      C:\Users\tyler\Desktop\ProjectCplusPractice\Cplus3Dpractice\Cplus3Dpractice\GraphicsDevice.cpp(54,2):
      No user-defined-conversion operator available that can perform this conversion, or the operator cannot be called
  
C:\Users\tyler\Desktop\ProjectCplusPractice\Cplus3Dpractice\Cplus3Dpractice\GraphicsDevice.cpp(57,28): error C2511: 'void dx3d::dx3d::GraphicsDevice::executeCommandList(dx3d::dx3d::DeviceContext &)': overloaded member function not found in 'dx3d::dx3d::GraphicsDevice'
      C:\Users\tyler\Desktop\ProjectCplusPractice\Cplus3Dpractice\Cplus3Dpractice\GraphicsDevice.h(12,8):
      see declaration of 'dx3d::dx3d::GraphicsDevice'
  
C:\Users\tyler\Desktop\ProjectCplusPractice\Cplus3Dpractice\Cplus3Dpractice\GraphicsDevice.cpp(61,2): error C2352: 'dx3d::Base::getLogger': a call of a non-static member function requires an object
      C:\Users\tyler\Desktop\ProjectCplusPractice\Cplus3Dpractice\Cplus3Dpractice\Base.h(16,19):
      see declaration of 'dx3d::Base::getLogger'
  
C:\Users\tyler\Desktop\ProjectCplusPractice\Cplus3Dpractice\Cplus3Dpractice\GraphicsDevice.cpp(69,9): error C2440: 'return': cannot convert from 'initializer list' to 'dx3d::dx3d::GraphicsResourceDesc'
      C:\Users\tyler\Desktop\ProjectCplusPractice\Cplus3Dpractice\Cplus3Dpractice\GraphicsDevice.cpp(69,2):
      Invalid aggregate initialization
          C:\Users\tyler\Desktop\ProjectCplusPractice\Cplus3Dpractice\Cplus3Dpractice\GraphicsDevice.cpp(69,38):
          'initializing': cannot convert from 'std::shared_ptr<const _Ty>' to 'std::shared_ptr<const dx3d::GraphicsDevice>'
          with
          [
              _Ty=dx3d::dx3d::GraphicsDevice
          ]
              C:\Users\tyler\Desktop\ProjectCplusPractice\Cplus3Dpractice\Cplus3Dpractice\GraphicsDevice.cpp(69,38):
              No user-defined-conversion operator available that can perform this conversion, or the operator cannot be called
  
C:\Users\tyler\Desktop\ProjectCplusPractice\Cplus3Dpractice\Cplus3Dpractice\GraphicsDevice.cpp(71,1): error C1004: unexpected end-of-file found
